Data,Apertura,Massimo,Minimo,Prezzo,Volume
20240425  16:00:00,2477.4,2477.4,2477.4,2477.4,1
20240425  17:00:00,2475.0,2475.0,2475.0,2475.0,1
20240425  18:00:00,2475.0,2475.0,2475.0,2475.0,0
20240425  19:00:00,2475.0,2475.0,2475.0,2475.0,0
20240425  20:00:00,2475.0,2475.0,2475.0,2475.0,0
20240425  21:00:00,2475.0,2475.0,2475.0,2475.0,0
20240425  22:00:00,2475.0,2475.0,2475.0,2475.0,0
20240426  16:00:00,2470.4,2470.4,2470.4,2470.4,1
20240426  17:00:00,2470.4,2470.4,2470.4,2470.4,0
20240426  18:00:00,2470.4,2470.4,2470.4,2470.4,0
20240426  19:00:00,2470.4,2470.4,2470.4,2470.4,0
20240426  20:00:00,2470.4,2470.4,2470.4,2470.4,0
20240426  21:00:00,2470.4,2470.4,2470.4,2470.4,0
20240426  22:00:00,2470.4,2470.4,2470.4,2470.4,0
20240430  15:30:00,2450.0,2450.0,2450.0,2450.0,0
20240430  16:00:00,2450.0,2450.0,2450.0,2450.0,0
20240430  17:00:00,2450.0,2450.0,2450.0,2450.0,0
20240430  18:00:00,2450.0,2450.0,2450.0,2450.0,0
20240430  19:00:00,2450.0,2450.0,2450.0,2450.0,0
20240430  20:00:00,2430.0,2430.0,2430.0,2430.0,1
20240430  21:00:00,2430.0,2430.0,2430.0,2430.0,0
20240430  22:00:00,2430.0,2430.0,2430.0,2430.0,0
20240501  15:30:00,2434.7,2434.7,2434.7,2434.7,0
20240501  16:00:00,2434.7,2434.7,2434.7,2434.7,0
20240501  17:00:00,2434.7,2434.7,2434.7,2434.7,0
20240501  18:00:00,2434.7,2434.7,2434.7,2434.7,0
20240501  19:00:00,2434.7,2434.7,2434.7,2434.7,0
20240501  20:00:00,2434.7,2434.7,2434.7,2434.7,0
20240501  21:00:00,2434.7,2434.7,2434.7,2434.7,0
20240501  22:00:00,2434.7,2434.7,2434.7,2434.7,0
20240503  15:30:00,2420.0,2420.0,2420.0,2420.0,1
20240503  16:00:00,2420.0,2420.0,2420.0,2420.0,0
20240503  17:00:00,2420.0,2420.0,2420.0,2420.0,0
20240503  18:00:00,2420.0,2420.0,2420.0,2420.0,0
20240503  19:00:00,2420.0,2420.0,2420.0,2420.0,0
20240503  20:00:00,2420.0,2420.0,2420.0,2420.0,0
20240503  21:00:00,2420.0,2420.0,2420.0,2420.0,0
20240503  22:00:00,2420.0,2420.0,2420.0,2420.0,0
20240509  15:30:00,2462.0,2462.0,2462.0,2462.0,0
20240509  16:00:00,2462.0,2462.0,2462.0,2462.0,0
20240509  17:00:00,2462.0,2462.0,2462.0,2462.0,0
20240509  18:00:00,2462.0,2462.0,2462.0,2462.0,0
20240509  19:00:00,2462.0,2462.0,2462.0,2462.0,0
20240509  20:00:00,2462.0,2462.0,2462.0,2462.0,0
20240509  21:00:00,2462.0,2462.0,2462.0,2462.0,0
20240509  22:00:00,2480.0,2480.0,2479.6,2479.6,2
20240510  15:30:00,2509.2,2509.2,2509.2,2509.2,0
20240510  16:00:00,2509.2,2509.2,2509.2,2509.2,0
20240510  17:00:00,2509.2,2509.2,2509.2,2509.2,0
20240510  18:00:00,2501.1,2501.1,2501.1,2501.1,1
20240510  19:00:00,2501.1,2501.1,2501.1,2501.1,0
20240510  20:00:00,2501.1,2501.1,2501.1,2501.1,0
20240510  21:00:00,2501.1,2501.1,2501.1,2501.1,0
20240510  22:00:00,2501.1,2501.1,2501.1,2501.1,0
20240513  17:00:00,2469.9,2469.9,2469.9,2469.9,1
20240513  18:00:00,2472.5,2472.5,2472.5,2472.5,1
20240513  19:00:00,2473.6,2473.6,2473.6,2473.6,1
20240513  20:00:00,2473.6,2473.6,2473.6,2473.6,0
20240513  21:00:00,2473.6,2473.6,2473.6,2473.6,0
20240513  22:00:00,2473.6,2473.6,2473.6,2473.6,0
20240515  15:30:00,2508.4,2508.4,2508.4,2508.4,0
20240515  16:00:00,2504.7,2504.9,2502.1,2504.9,4
20240515  17:00:00,2509.5,2509.5,2509.4,2509.4,2
20240515  18:00:00,2509.4,2509.4,2509.4,2509.4,0
20240515  19:00:00,2509.4,2509.4,2509.4,2509.4,0
20240515  20:00:00,2509.4,2509.4,2509.4,2509.4,0
20240515  21:00:00,2509.4,2509.4,2509.4,2509.4,0
20240515  22:00:00,2509.4,2509.4,2509.4,2509.4,0
20240516  19:00:00,2515.5,2515.5,2515.5,2515.5,1
20240516  20:00:00,2515.5,2515.5,2515.5,2515.5,0
20240516  21:00:00,2515.5,2515.5,2515.5,2515.5,0
20240516  22:00:00,2515.5,2515.5,2515.5,2515.5,0
20240520  22:00:00,2557.0,2557.0,2557.0,2557.0,0
20240521  15:30:00,2563.4,2563.4,2563.4,2563.4,0
20240521  16:00:00,2563.4,2563.4,2563.4,2563.4,0
20240521  17:00:00,2563.4,2563.4,2563.4,2563.4,0
20240521  18:00:00,2563.4,2563.4,2563.4,2563.4,0
20240521  19:00:00,2563.4,2563.4,2563.4,2563.4,0
20240521  20:00:00,2563.4,2563.4,2563.4,2563.4,0
20240521  21:00:00,2563.4,2563.4,2563.4,2563.4,0
20240521  22:00:00,2563.4,2563.4,2563.4,2563.4,0
20240523  15:30:00,2500.5,2500.5,2500.5,2500.5,1
20240523  16:00:00,2480.0,2480.0,2480.0,2480.0,1
20240523  17:00:00,2480.0,2480.0,2480.0,2480.0,0
20240523  18:00:00,2481.8,2481.8,2481.8,2481.8,1
20240523  19:00:00,2481.8,2481.8,2481.8,2481.8,0
20240523  20:00:00,2481.8,2481.8,2481.8,2481.8,0
20240523  21:00:00,2481.8,2481.8,2481.8,2481.8,0
20240523  22:00:00,2481.8,2481.8,2481.8,2481.8,0
20240524  19:00:00,2467.4,2467.4,2467.4,2467.4,1
20240524  20:00:00,2467.4,2467.4,2467.4,2467.4,0
20240524  21:00:00,2467.4,2467.4,2467.4,2467.4,0
20240524  22:00:00,2467.4,2467.4,2467.4,2467.4,0
20240528  15:30:00,2490.7,2490.7,2490.7,2490.7,0
20240528  16:00:00,2490.7,2490.7,2490.7,2490.7,0
20240528  17:00:00,2490.7,2490.7,2490.7,2490.7,0
20240528  18:00:00,2490.7,2490.7,2490.7,2490.7,0
20240528  19:00:00,2490.7,2490.7,2490.7,2490.7,0
20240528  20:00:00,2490.7,2490.7,2490.7,2490.7,0
20240528  21:00:00,2490.7,2490.7,2490.7,2490.7,0
20240528  22:00:00,2490.7,2490.7,2490.7,2490.7,0
20240529  15:30:00,2479.5,2479.5,2479.5,2479.5,0
20240529  16:00:00,2479.5,2479.5,2479.5,2479.5,0
20240529  17:00:00,2479.5,2479.5,2479.5,2479.5,0
20240529  18:00:00,2479.5,2479.5,2479.5,2479.5,0
20240529  19:00:00,2479.5,2479.5,2479.5,2479.5,0
20240529  20:00:00,2479.5,2479.5,2479.5,2479.5,0
20240529  21:00:00,2479.5,2479.5,2479.5,2479.5,0
20240529  22:00:00,2479.5,2479.5,2479.5,2479.5,0
20240530  19:00:00,2475.0,2475.0,2474.6,2474.6,2
20240530  20:00:00,2474.6,2474.6,2474.6,2474.6,0
20240530  21:00:00,2474.6,2474.6,2474.6,2474.6,0
20240530  22:00:00,2474.6,2474.6,2474.6,2474.6,0
20240531  22:00:00,2477.7,2477.7,2477.7,2477.7,0
20240603  18:00:00,2471.5,2471.5,2471.5,2471.5,2
20240603  19:00:00,2471.5,2471.5,2471.5,2471.5,0
20240603  20:00:00,2478.3,2478.9,2478.3,2478.9,13
20240603  21:00:00,2476.5,2476.5,2476.5,2476.5,1
20240603  22:00:00,2476.5,2476.5,2476.5,2476.5,0
20240604  18:00:00,2450.9,2450.9,2450.9,2450.9,1
20240604  19:00:00,2450.9,2450.9,2450.9,2450.9,0
20240604  20:00:00,2450.9,2450.9,2450.9,2450.9,0
20240604  21:00:00,2450.9,2450.9,2450.9,2450.9,0
20240604  22:00:00,2450.9,2450.9,2450.9,2450.9,0
20240605  15:30:00,2460.1,2460.1,2460.1,2460.1,0
20240605  16:00:00,2460.1,2460.1,2460.1,2460.1,0
20240605  17:00:00,2460.1,2460.1,2460.1,2460.1,0
20240605  18:00:00,2460.1,2460.1,2460.1,2460.1,0
20240605  19:00:00,2460.1,2460.1,2460.1,2460.1,0
20240605  20:00:00,2460.1,2460.1,2460.1,2460.1,0
20240605  21:00:00,2460.1,2460.1,2460.1,2460.1,0
20240605  22:00:00,2460.1,2460.1,2460.1,2460.1,0
20240606  17:00:00,2499.0,2499.0,2499.0,2499.0,1
20240606  18:00:00,2499.0,2499.0,2499.0,2499.0,0
20240606  19:00:00,2499.0,2499.0,2499.0,2499.0,0
20240606  20:00:00,2499.0,2499.0,2499.0,2499.0,0
20240606  21:00:00,2499.0,2499.0,2499.0,2499.0,0
20240606  22:00:00,2499.0,2499.0,2499.0,2499.0,0
20240607  15:30:00,2474.0,2474.0,2474.0,2474.0,0
20240607  16:00:00,2474.0,2474.0,2474.0,2474.0,0
20240607  17:00:00,2474.0,2474.0,2474.0,2474.0,0
20240607  18:00:00,2474.0,2474.0,2474.0,2474.0,0
20240607  19:00:00,2474.0,2474.0,2474.0,2474.0,0
20240607  20:00:00,2474.0,2474.0,2474.0,2474.0,0
20240607  21:00:00,2474.0,2474.0,2474.0,2474.0,0
20240607  22:00:00,2474.0,2474.0,2474.0,2474.0,0
20240610  17:00:00,2431.5,2431.5,2431.5,2431.5,1
20240610  18:00:00,2431.5,2431.5,2431.5,2431.5,0
20240610  19:00:00,2431.5,2431.5,2431.5,2431.5,0
20240610  20:00:00,2431.5,2431.5,2431.5,2431.5,0
20240610  21:00:00,2437.5,2437.5,2437.5,2437.5,1
20240610  22:00:00,2437.5,2437.5,2437.5,2437.5,0
20240612  15:30:00,2450.0,2450.0,2450.0,2450.0,1
20240612  16:00:00,2450.0,2450.0,2450.0,2450.0,0
20240612  17:00:00,2460.6,2460.6,2460.6,2460.6,1
20240612  18:00:00,2461.6,2462.0,2461.6,2462.0,3
20240612  19:00:00,2462.0,2462.0,2462.0,2462.0,0
20240612  20:00:00,2462.0,2462.0,2462.0,2462.0,0
20240612  21:00:00,2462.0,2462.0,2462.0,2462.0,0
20240612  22:00:00,2462.0,2462.0,2462.0,2462.0,0
20240613  15:30:00,2437.0,2437.0,2437.0,2437.0,1
20240613  16:00:00,2435.4,2435.4,2435.4,2435.4,1
20240613  17:00:00,2435.4,2435.4,2435.4,2435.4,0
20240613  18:00:00,2435.4,2435.4,2435.4,2435.4,0
20240613  19:00:00,2435.4,2435.4,2435.4,2435.4,0
20240613  20:00:00,2435.4,2435.4,2435.4,2435.4,0
20240613  21:00:00,2435.4,2435.4,2435.4,2435.4,0
20240613  22:00:00,2435.4,2435.4,2435.4,2435.4,0
20240614  15:30:00,2445.2,2445.2,2445.2,2445.2,0
20240614  16:00:00,2445.2,2445.2,2445.2,2445.2,0
20240614  17:00:00,2445.2,2445.2,2445.2,2445.2,0
20240614  18:00:00,2449.8,2452.8,2449.8,2450.2,6
20240614  19:00:00,2450.2,2450.2,2450.2,2450.2,0
20240614  20:00:00,2450.2,2450.2,2450.2,2450.2,0
20240614  21:00:00,2450.2,2450.2,2450.2,2450.2,0
20240614  22:00:00,2450.2,2450.2,2450.2,2450.2,0
20240617  19:00:00,2438.3,2439.4,2438.3,2439.4,3
20240617  20:00:00,2439.4,2439.4,2439.4,2439.4,0
20240617  21:00:00,2439.4,2439.4,2439.4,2439.4,0
20240617  22:00:00,2439.4,2439.4,2439.4,2439.4,0
20240620  15:30:00,2456.0,2456.0,2456.0,2456.0,0
20240620  16:00:00,2456.0,2456.0,2456.0,2456.0,0
20240620  17:00:00,2456.0,2456.0,2456.0,2456.0,0
20240620  18:00:00,2456.0,2456.0,2456.0,2456.0,0
20240620  19:00:00,2480.0,2480.0,2480.0,2480.0,1
20240620  20:00:00,2480.0,2480.0,2480.0,2480.0,0
20240620  21:00:00,2481.1,2481.1,2481.1,2481.1,1
20240620  22:00:00,2481.1,2481.1,2481.1,2481.1,0
20240621  15:30:00,2471.0,2471.0,2471.0,2471.0,1
20240621  16:00:00,2471.0,2471.0,2471.0,2471.0,0
20240621  17:00:00,2471.0,2471.0,2471.0,2471.0,0
20240621  18:00:00,2471.0,2471.0,2471.0,2471.0,0
20240621  19:00:00,2471.0,2471.0,2471.0,2471.0,0
20240621  20:00:00,2471.0,2471.0,2471.0,2471.0,0
20240621  21:00:00,2471.0,2471.0,2471.0,2471.0,0
20240621  22:00:00,2471.0,2471.0,2471.0,2471.0,0
20240625  15:30:00,2443.7,2443.7,2443.7,2443.7,0
20240625  16:00:00,2443.7,2443.7,2443.7,2443.7,0
20240625  17:00:00,2443.7,2443.7,2443.7,2443.7,0
20240625  18:00:00,2438.2,2438.2,2438.2,2438.2,1
20240625  19:00:00,2437.9,2437.9,2437.9,2437.9,1
20240625  20:00:00,2437.9,2437.9,2437.9,2437.9,0
20240625  21:00:00,2437.9,2437.9,2437.9,2437.9,0
20240625  22:00:00,2437.9,2437.9,2437.9,2437.9,0
20240626  22:00:00,2438.9,2438.9,2438.9,2438.9,0
20240627  15:30:00,2441.6,2441.6,2438.7,2438.7,2
20240627  16:00:00,2438.7,2438.7,2438.7,2438.7,0
20240627  17:00:00,2438.7,2438.7,2438.7,2438.7,0
20240627  18:00:00,2438.7,2438.7,2438.7,2438.7,0
20240627  19:00:00,2438.7,2438.7,2438.7,2438.7,0
20240627  20:00:00,2438.7,2438.7,2438.7,2438.7,0
20240627  21:00:00,2438.7,2438.7,2438.7,2438.7,0
20240627  22:00:00,2438.7,2438.7,2438.7,2438.7,0
20240628  15:30:00,2444.1,2444.1,2444.1,2444.1,0
20240628  16:00:00,2444.1,2444.1,2444.1,2444.1,0
20240628  17:00:00,2444.1,2444.1,2444.1,2444.1,0
20240628  18:00:00,2449.9,2449.9,2449.6,2449.6,6
20240628  19:00:00,2449.6,2449.6,2449.6,2449.6,0
20240628  20:00:00,2449.6,2449.6,2449.6,2449.6,0
20240628  21:00:00,2449.6,2449.6,2449.6,2449.6,0
20240628  22:00:00,2442.9,2442.9,2442.9,2442.9,1
20240701  15:30:00,2445.6,2445.6,2445.6,2445.6,1
20240701  16:00:00,2449.4,2449.4,2441.8,2441.8,5
20240701  17:00:00,2441.8,2441.8,2441.8,2441.8,0
20240701  18:00:00,2447.0,2447.0,2447.0,2447.0,3
20240701  19:00:00,2447.0,2447.0,2447.0,2447.0,0
20240701  20:00:00,2447.0,2447.0,2447.0,2447.0,0
20240701  21:00:00,2447.0,2447.0,2447.0,2447.0,0
20240701  22:00:00,2447.0,2447.0,2447.0,2447.0,0
20240702  18:00:00,2439.0,2439.0,2439.0,2439.0,1
20240702  19:00:00,2439.0,2439.0,2439.0,2439.0,0
20240702  20:00:00,2439.0,2439.0,2439.0,2439.0,0
20240702  21:00:00,2439.0,2439.0,2439.0,2439.0,0
20240702  22:00:00,2439.0,2439.0,2439.0,2439.0,0
20240703  15:30:00,2472.5,2477.0,2472.5,2475.1,44
20240703  16:00:00,2479.8,2483.8,2477.3,2481.1,79
20240703  17:00:00,2480.6,2480.7,2479.5,2480.7,10
20240703  18:00:00,2480.2,2480.4,2477.5,2477.5,5
20240705  15:30:00,2493.0,2500.9,2493.0,2498.1,57
20240705  16:00:00,2498.2,2502.0,2492.9,2501.1,32
20240705  17:00:00,2497.0,2497.0,2497.0,2497.0,1
20240705  18:00:00,2505.0,2505.0,2505.0,2505.0,1
20240705  19:00:00,2508.3,2508.3,2506.8,2506.8,7
20240705  20:00:00,2503.8,2509.7,2503.6,2509.7,9
20240705  21:00:00,2510.9,2510.9,2507.0,2507.3,23
20240705  22:00:00,2507.3,2507.3,2507.3,2507.3,0
20240708  15:30:00,2492.8,2492.8,2492.8,2492.8,1
20240708  16:00:00,2492.8,2492.8,2492.8,2492.8,0
20240708  17:00:00,2489.5,2489.5,2471.0,2471.1,9
20240708  18:00:00,2472.6,2472.6,2472.6,2472.6,2
20240708  19:00:00,2475.7,2475.7,2475.7,2475.7,14
20240708  20:00:00,2475.7,2476.5,2475.3,2475.6,17
20240708  21:00:00,2475.6,2475.6,2475.6,2475.6,0
20240708  22:00:00,2475.6,2475.6,2475.6,2475.6,0
20240709  15:30:00,2483.1,2483.1,2483.1,2483.1,1
20240709  16:00:00,2475.0,2475.0,2475.0,2475.0,2
20240709  17:00:00,2469.0,2475.4,2467.0,2475.4,7
20240709  18:00:00,2475.4,2475.4,2475.4,2475.4,0
20240709  19:00:00,2475.4,2475.4,2475.4,2475.4,0
20240709  20:00:00,2475.4,2475.4,2475.4,2475.4,0
20240709  21:00:00,2475.4,2475.4,2475.4,2475.4,0
20240709  22:00:00,2475.4,2475.4,2475.4,2475.4,0
20240710  15:30:00,2495.9,2495.9,2495.9,2495.9,0
20240710  16:00:00,2501.3,2501.3,2492.7,2492.7,3
20240710  17:00:00,2492.5,2492.5,2492.5,2492.5,1
20240710  18:00:00,2492.5,2492.5,2492.5,2492.5,0
20240710  19:00:00,2492.5,2492.5,2492.5,2492.5,0
20240710  20:00:00,2492.5,2492.5,2492.5,2492.5,0
20240710  21:00:00,2492.5,2492.5,2492.5,2492.5,0
20240710  22:00:00,2492.5,2492.5,2492.5,2492.5,0
20240711  15:30:00,2524.7,2525.0,2512.4,2520.0,53
20240711  16:00:00,2524.3,2532.0,2524.3,2532.0,6
20240711  17:00:00,2540.0,2540.0,2540.0,2540.0,1
20240711  18:00:00,2530.3,2530.3,2527.8,2527.8,2
20240711  19:00:00,2527.3,2533.0,2527.3,2533.0,3
20240711  20:00:00,2533.0,2533.0,2533.0,2533.0,0
20240711  21:00:00,2533.0,2533.0,2533.0,2533.0,0
20240711  22:00:00,2533.0,2533.0,2533.0,2533.0,0
20240712  15:30:00,2515.4,2519.1,2515.4,2518.7,44
20240712  16:00:00,2521.2,2525.9,2521.2,2523.8,76
20240712  17:00:00,2527.0,2527.0,2526.9,2526.9,2
20240712  18:00:00,2529.1,2529.1,2529.1,2529.1,1
20240712  19:00:00,2533.6,2533.6,2533.6,2533.6,1
20240712  20:00:00,2533.6,2533.6,2533.6,2533.6,0
20240712  21:00:00,2533.6,2533.6,2533.6,2533.6,0
20240712  22:00:00,2527.1,2527.6,2527.1,2527.6,3
20240715  15:30:00,2530.6,2531.1,2528.7,2530.2,6
20240715  16:00:00,2533.8,2546.9,2533.3,2546.9,12
20240715  17:00:00,2549.1,2552.5,2548.4,2548.4,7
20240715  18:00:00,2550.3,2554.1,2546.3,2546.3,16
20240715  19:00:00,2546.3,2546.3,2546.3,2546.3,0
20240715  20:00:00,2535.9,2535.9,2535.6,2535.6,2
20240715  21:00:00,2535.6,2535.6,2535.6,2535.6,0
20240715  22:00:00,2535.6,2535.6,2535.6,2535.6,0
20240716  15:30:00,2553.4,2561.0,2552.5,2557.7,19
20240716  16:00:00,2558.7,2569.0,2556.9,2569.0,70
20240716  17:00:00,2570.3,2581.2,2569.9,2578.0,57
20240716  18:00:00,2578.3,2579.2,2575.3,2575.3,33
20240716  19:00:00,2576.7,2580.5,2576.7,2580.0,9
20240716  20:00:00,2581.1,2582.3,2579.2,2582.3,42
20240716  21:00:00,2583.0,2585.1,2583.0,2585.1,6
20240716  22:00:00,2585.1,2585.9,2584.0,2585.4,48
20240717  15:30:00,2592.0,2601.2,2588.9,2601.2,78
20240717  16:00:00,2601.4,2601.4,2578.7,2581.1,145
20240717  17:00:00,2581.1,2581.1,2581.1,2581.1,0
20240717  18:00:00,2577.2,2577.6,2570.7,2574.9,31
20240717  19:00:00,2573.0,2575.9,2571.8,2572.0,18
20240717  20:00:00,2575.3,2575.3,2575.3,2575.3,2
20240717  21:00:00,2577.3,2577.3,2574.8,2574.8,9
20240717  22:00:00,2576.0,2577.0,2576.0,2576.9,12
20240718  15:30:00,2576.9,2579.1,2575.0,2579.0,6
20240718  16:00:00,2581.1,2585.8,2579.3,2585.8,11
20240718  17:00:00,2584.7,2584.7,2578.2,2578.2,5
20240718  18:00:00,2576.7,2576.7,2572.7,2572.7,4
20240718  19:00:00,2570.3,2572.6,2568.6,2569.3,40
20240718  20:00:00,2569.3,2569.3,2569.3,2569.3,0
20240718  21:00:00,2561.9,2561.9,2556.2,2558.3,29
20240718  22:00:00,2558.3,2558.3,2558.3,2558.3,0
20240719  15:30:00,2509.0,2519.8,2509.0,2515.5,64
20240719  16:00:00,2517.4,2517.5,2511.8,2511.8,39
20240719  17:00:00,2520.0,2520.0,2516.7,2519.4,19
20240719  18:00:00,2517.6,2517.9,2515.0,2516.8,12
20240719  19:00:00,2512.8,2513.2,2509.4,2509.4,8
20240719  20:00:00,2511.8,2512.6,2506.2,2511.6,195
20240719  21:00:00,2511.8,2511.8,2511.8,2511.8,2
20240719  22:00:00,2512.0,2512.1,2512.0,2512.1,4
20240722  15:30:00,2509.1,2509.1,2505.1,2505.1,4
20240722  16:00:00,2505.5,2506.9,2495.9,2495.9,7
20240722  17:00:00,2500.3,2500.3,2497.0,2498.2,4
20240722  18:00:00,2500.7,2501.2,2499.1,2499.1,5
20240722  19:00:00,2505.6,2506.2,2505.6,2506.2,6
20240722  20:00:00,2506.4,2506.4,2506.4,2506.4,1
20240722  21:00:00,2506.4,2506.4,2506.4,2506.4,0
20240722  22:00:00,2506.4,2506.4,2506.4,2506.4,0
20240723  15:30:00,2515.1,2517.7,2512.2,2514.4,28
20240723  16:00:00,2514.8,2519.4,2514.6,2515.3,40
20240723  17:00:00,2515.2,2518.3,2515.2,2518.2,10
20240723  18:00:00,2516.3,2517.9,2516.1,2517.8,12
20240723  19:00:00,2518.2,2519.6,2515.2,2515.2,27
20240723  20:00:00,2515.2,2515.2,2515.2,2515.2,0
20240723  21:00:00,2515.2,2515.2,2515.2,2515.2,0
20240723  22:00:00,2515.2,2515.2,2515.2,2515.2,0
20240724  15:30:00,2531.6,2538.1,2531.6,2535.9,9
20240724  16:00:00,2540.0,2543.1,2535.2,2543.1,20
20240724  17:00:00,2541.0,2541.0,2541.0,2541.0,1
20240724  18:00:00,2537.1,2537.1,2533.0,2533.0,2
20240724  19:00:00,2528.7,2528.7,2524.8,2524.8,4
20240724  20:00:00,2524.8,2524.8,2524.8,2524.8,0
20240724  21:00:00,2524.8,2524.8,2524.8,2524.8,0
20240724  22:00:00,2524.8,2524.8,2524.8,2524.8,0
20240725  15:30:00,2477.4,2479.0,2476.7,2477.9,12
20240725  16:00:00,2472.0,2473.9,2468.7,2473.9,8
20240725  17:00:00,2475.2,2475.2,2470.4,2470.4,6
20240725  18:00:00,2467.8,2469.1,2467.8,2469.1,5
20240725  19:00:00,2470.9,2470.9,2460.3,2462.1,24
20240725  20:00:00,2464.5,2464.8,2464.0,2464.8,5
20240725  21:00:00,2464.8,2464.8,2464.8,2464.8,0
20240725  22:00:00,2466.6,2470.2,2466.4,2470.2,6
20240726  15:30:00,2487.3,2489.7,2487.3,2487.8,17
20240726  16:00:00,2489.2,2496.8,2489.2,2496.2,42
20240726  17:00:00,2490.9,2492.3,2489.8,2492.3,8
20240726  18:00:00,2493.1,2497.0,2493.1,2495.9,7
20240726  19:00:00,2495.6,2495.7,2489.4,2489.6,6
20240726  20:00:00,2489.6,2489.6,2489.6,2489.6,0
20240726  21:00:00,2489.6,2489.6,2489.6,2489.6,0
20240726  22:00:00,2489.6,2489.6,2489.6,2489.6,0
20240729  15:30:00,2503.2,2503.2,2503.2,2503.2,0
20240729  16:00:00,2488.2,2488.2,2488.2,2488.2,1
20240729  17:00:00,2480.0,2485.0,2477.3,2485.0,7
20240729  18:00:00,2484.1,2484.1,2484.1,2484.1,1
20240729  19:00:00,2487.0,2488.3,2487.0,2488.3,3
20240729  20:00:00,2488.3,2488.3,2488.3,2488.3,0
20240729  21:00:00,2488.3,2488.3,2488.3,2488.3,0
20240729  22:00:00,2488.3,2488.3,2488.3,2488.3,0
20240730  15:30:00,2501.0,2502.3,2501.0,2502.3,2
20240730  16:00:00,2499.6,2501.3,2498.0,2499.5,8
20240730  17:00:00,2496.9,2496.9,2490.6,2491.5,5
20240730  18:00:00,2492.6,2506.6,2492.6,2506.6,14
20240730  19:00:00,2511.1,2517.2,2511.1,2515.2,15
20240730  20:00:00,2514.2,2514.2,2511.6,2511.9,4
20240730  21:00:00,2511.9,2511.9,2511.9,2511.9,0
20240730  22:00:00,2519.1,2520.7,2519.1,2519.7,6
20240731  15:30:00,2527.9,2530.9,2527.9,2530.9,9
20240731  16:00:00,2532.9,2534.6,2532.9,2534.4,5
20240731  17:00:00,2534.4,2534.4,2534.4,2534.4,0
20240731  18:00:00,2534.2,2535.0,2533.7,2533.9,5
20240731  19:00:00,2535.3,2536.7,2534.2,2535.7,6
20240731  20:00:00,2532.0,2541.8,2530.5,2541.8,5
20240731  21:00:00,2540.3,2556.6,2540.3,2556.6,13
20240731  22:00:00,2557.0,2557.0,2555.4,2555.8,5
20240801  15:30:00,2560.3,2562.7,2555.9,2558.9,22
20240801  16:00:00,2562.8,2568.3,2551.0,2553.7,41
20240801  17:00:00,2556.9,2557.9,2550.5,2552.8,23
20240801  18:00:00,2552.4,2553.6,2550.8,2553.5,21
20240801  19:00:00,2548.0,2548.0,2543.1,2543.1,7
20240801  20:00:00,2545.7,2545.7,2543.4,2545.1,21
20240801  21:00:00,2544.6,2549.2,2544.6,2549.2,10
20240801  22:00:00,2548.7,2548.7,2548.7,2548.7,1
20240802  15:30:00,2567.0,2567.0,2567.0,2567.0,0
20240802  16:00:00,2575.1,2575.1,2529.5,2531.6,37
20240802  17:00:00,2530.7,2535.6,2511.6,2532.0,33
20240802  18:00:00,2533.1,2538.1,2527.8,2531.0,95
20240802  19:00:00,2530.5,2530.8,2523.0,2526.3,31
20240802  20:00:00,2526.3,2526.3,2526.3,2526.3,0
20240802  21:00:00,2526.3,2526.3,2526.3,2526.3,0
20240802  22:00:00,2542.3,2542.3,2542.3,2542.3,1
20240805  15:30:00,2481.3,2486.8,2481.3,2484.8,20
20240805  16:00:00,2486.8,2488.1,2479.4,2479.4,30
20240805  17:00:00,2492.7,2505.0,2492.7,2500.3,30
20240805  18:00:00,2499.3,2500.6,2498.5,2499.8,42
20240805  19:00:00,2499.2,2501.8,2496.9,2498.7,49
20240805  20:00:00,2500.6,2504.7,2500.1,2500.2,25
20240805  21:00:00,2500.8,2504.8,2500.8,2504.8,16
20240805  22:00:00,2502.8,2502.8,2502.8,2502.8,1
20240806  15:30:00,2489.6,2489.6,2489.6,2489.6,0
20240806  16:00:00,2491.2,2491.2,2483.3,2483.3,2
20240806  17:00:00,2478.6,2481.6,2478.0,2481.6,10
20240806  18:00:00,2485.0,2485.8,2482.7,2485.8,51
20240806  19:00:00,2488.1,2488.1,2484.9,2487.2,15
20240806  20:00:00,2487.2,2487.2,2487.2,2487.2,0
20240806  21:00:00,2488.5,2488.5,2488.5,2488.5,1
20240806  22:00:00,2484.7,2484.7,2484.1,2484.1,6
20240807  15:30:00,2494.8,2494.8,2494.8,2494.8,2
20240807  16:00:00,2496.6,2496.6,2496.6,2496.6,2
20240807  17:00:00,2496.2,2496.2,2495.1,2495.1,3
20240807  18:00:00,2489.9,2495.5,2489.9,2495.5,17
20240807  19:00:00,2493.5,2493.8,2488.3,2489.4,19
20240807  20:00:00,2484.9,2485.8,2483.8,2485.8,17
20240807  21:00:00,2485.8,2485.8,2485.8,2485.8,0
20240807  22:00:00,2485.8,2485.8,2485.8,2485.8,0
20240808  15:30:00,2504.4,2510.7,2503.9,2508.1,17
20240808  16:00:00,2507.1,2519.6,2507.1,2516.2,18
20240808  17:00:00,2510.7,2510.8,2510.7,2510.8,6
20240808  18:00:00,2519.5,2519.5,2513.2,2513.3,5
20240808  19:00:00,2513.7,2520.8,2513.7,2518.2,6
20240808  20:00:00,2518.2,2518.2,2518.2,2518.2,0
20240808  21:00:00,2518.2,2518.2,2518.2,2518.2,0
20240808  22:00:00,2518.2,2518.2,2518.2,2518.2,0
20240809  15:30:00,2526.9,2526.9,2518.8,2520.0,12
20240809  16:00:00,2524.2,2531.9,2524.0,2527.1,29
20240809  17:00:00,2527.0,2528.2,2525.4,2528.2,13
20240809  18:00:00,2525.8,2525.8,2525.8,2525.8,1
20240809  19:00:00,2531.4,2531.7,2528.1,2528.4,18
20240809  20:00:00,2528.4,2528.4,2528.4,2528.4,0
20240809  21:00:00,2525.1,2525.8,2525.1,2525.3,7
20240809  22:00:00,2527.7,2527.7,2527.7,2527.7,1
20240812  15:30:00,2553.4,2554.0,2553.4,2554.0,2
20240812  16:00:00,2550.0,2553.1,2547.5,2552.0,6
20240812  17:00:00,2553.2,2558.6,2553.2,2557.8,18
20240812  18:00:00,2562.5,2562.5,2561.2,2562.5,4
20240812  19:00:00,2564.0,2567.0,2564.0,2567.0,3
20240812  20:00:00,2567.0,2567.0,2567.0,2567.0,0
20240812  21:00:00,2567.0,2567.0,2567.0,2567.0,0
20240812  22:00:00,2567.0,2567.0,2567.0,2567.0,0
20240813  15:30:00,2571.7,2573.0,2571.5,2573.0,4
20240813  16:00:00,2569.7,2569.7,2567.0,2567.6,5
20240813  17:00:00,2569.6,2569.6,2567.2,2568.8,5
20240813  18:00:00,2566.7,2566.7,2566.7,2566.7,1
20240813  19:00:00,2567.0,2567.0,2564.5,2564.5,43
20240813  20:00:00,2565.5,2566.5,2565.2,2565.2,14
20240813  21:00:00,2566.2,2567.2,2563.4,2563.4,7
20240813  22:00:00,2563.4,2563.4,2563.4,2563.4,0
20240814  15:30:00,2552.1,2552.1,2552.1,2552.1,0
20240814  16:00:00,2553.1,2553.1,2545.0,2545.0,6
20240814  17:00:00,2547.6,2547.6,2539.5,2539.5,8
20240814  18:00:00,2540.8,2540.8,2540.1,2540.1,4
20240814  19:00:00,2540.3,2540.5,2537.2,2537.7,13
20240814  20:00:00,2543.3,2543.3,2543.3,2543.3,1
20240814  21:00:00,2543.6,2543.6,2541.9,2542.2,6
20240814  22:00:00,2542.2,2542.2,2542.2,2542.2,0
20240815  15:30:00,2545.2,2545.2,2533.0,2534.0,6
20240815  16:00:00,2546.0,2554.6,2542.2,2551.6,33
20240815  17:00:00,2549.1,2554.9,2549.1,2554.9,12
20240815  18:00:00,2554.6,2555.1,2552.0,2552.0,8
20240815  19:00:00,2551.3,2552.7,2551.1,2551.2,9
20240815  20:00:00,2551.5,2554.7,2551.5,2554.0,9
20240815  21:00:00,2555.7,2558.2,2552.3,2552.3,10
20240815  22:00:00,2552.3,2552.3,2552.3,2552.3,0
20240816  15:30:00,2586.7,2596.2,2586.7,2595.6,10
20240816  16:00:00,2589.1,2592.1,2580.1,2586.9,36
20240816  17:00:00,2587.1,2588.6,2584.5,2588.6,45
20240816  18:00:00,2591.9,2596.1,2591.9,2596.1,8
20240816  19:00:00,2593.9,2598.7,2593.9,2596.5,11
20240816  20:00:00,2598.1,2603.6,2597.2,2602.4,11
20240816  21:00:00,2601.4,2604.2,2601.4,2603.8,7
20240816  22:00:00,2607.4,2607.4,2605.7,2605.7,2
20240819  15:30:00,2587.0,2587.0,2587.0,2587.0,0
20240819  16:00:00,2593.9,2594.8,2593.6,2594.8,7
20240819  17:00:00,2602.6,2602.6,2602.6,2602.6,4
20240819  18:00:00,2604.4,2604.4,2604.4,2604.4,1
20240819  19:00:00,2602.4,2602.4,2600.6,2600.6,6
20240819  20:00:00,2600.6,2600.6,2600.6,2600.6,0
20240819  21:00:00,2600.6,2600.6,2600.6,2600.6,0
20240819  22:00:00,2600.6,2600.6,2600.6,2600.6,0
20240820  15:30:00,2620.5,2628.6,2619.6,2628.6,16
20240820  16:00:00,2628.7,2628.7,2620.3,2625.4,36
20240820  17:00:00,2619.5,2619.5,2605.8,2605.8,11
20240820  18:00:00,2606.8,2608.0,2602.7,2607.4,6
20240820  19:00:00,2605.8,2610.4,2605.8,2607.5,25
20240820  20:00:00,2612.0,2612.0,2612.0,2612.0,2
20240820  21:00:00,2610.8,2612.3,2610.8,2612.3,3
20240820  22:00:00,2614.0,2614.0,2614.0,2614.0,1
20240821  15:30:00,2601.2,2603.1,2594.7,2597.3,22
20240821  16:00:00,2597.9,2601.4,2592.7,2598.2,13
20240821  17:00:00,2605.2,2605.3,2605.0,2605.0,4
20240821  18:00:00,2604.0,2604.0,2600.6,2600.6,15
20240821  19:00:00,2607.2,2607.2,2607.2,2607.2,3
20240821  20:00:00,2606.0,2615.8,2606.0,2615.4,13
20240821  21:00:00,2615.4,2615.4,2615.4,2615.4,0
20240821  22:00:00,2615.4,2615.4,2615.4,2615.4,0
20240822  15:30:00,2582.1,2582.1,2578.2,2579.9,24
20240822  16:00:00,2578.8,2578.8,2566.5,2566.5,33
20240822  17:00:00,2566.5,2566.5,2566.5,2566.5,0
20240822  18:00:00,2566.5,2566.5,2566.5,2566.5,0
20240822  19:00:00,2574.7,2577.2,2574.7,2576.8,5
20240822  20:00:00,2576.8,2576.8,2576.8,2576.8,0
20240822  21:00:00,2576.8,2576.8,2576.8,2576.8,0
20240822  22:00:00,2576.8,2576.8,2576.8,2576.8,0
20240823  15:30:00,2591.7,2591.7,2591.7,2591.7,0
20240823  16:00:00,2600.6,2612.9,2600.0,2600.8,54
20240823  17:00:00,2604.5,2611.7,2604.5,2611.7,7
20240823  18:00:00,2601.1,2602.2,2601.1,2602.2,5
20240823  19:00:00,2605.2,2605.3,2604.7,2605.3,11
20240823  20:00:00,2605.7,2605.7,2604.7,2605.5,17
20240823  21:00:00,2605.5,2605.5,2605.5,2605.5,0
20240823  22:00:00,2605.2,2605.2,2605.2,2605.2,1
20240826  15:30:00,2618.6,2618.6,2610.8,2610.8,7
20240826  16:00:00,2609.9,2610.8,2605.3,2609.9,24
20240826  17:00:00,2609.9,2609.9,2609.9,2609.9,0
20240826  18:00:00,2609.9,2609.9,2609.9,2609.9,0
20240826  19:00:00,2618.1,2618.1,2614.7,2614.7,2
20240826  20:00:00,2614.7,2614.7,2614.7,2614.7,0
20240826  21:00:00,2613.0,2613.0,2613.0,2613.0,1
20240826  22:00:00,2613.0,2613.0,2613.0,2613.0,0
20240827  15:30:00,2607.1,2609.5,2605.0,2609.5,6
20240827  16:00:00,2605.0,2612.0,2602.6,2612.0,12
20240827  17:00:00,2613.0,2614.3,2610.8,2610.8,10
20240827  18:00:00,2606.2,2608.1,2605.0,2608.1,14
20240827  19:00:00,2608.7,2614.2,2608.7,2613.6,15
20240827  20:00:00,2615.2,2619.7,2614.6,2619.7,16
20240827  21:00:00,2619.2,2619.2,2619.2,2619.2,2
20240827  22:00:00,2618.2,2618.2,2618.2,2618.2,1
20240828  15:30:00,2598.6,2598.6,2598.0,2598.0,5
20240828  16:00:00,2598.0,2598.0,2598.0,2598.0,0
20240828  17:00:00,2600.8,2600.8,2600.2,2600.2,3
20240828  18:00:00,2600.2,2600.2,2600.2,2600.2,0
20240828  19:00:00,2596.6,2596.6,2596.6,2596.6,1
20240828  20:00:00,2596.6,2596.6,2596.6,2596.6,0
20240828  21:00:00,2596.6,2596.6,2596.6,2596.6,0
20240828  22:00:00,2596.6,2596.6,2596.6,2596.6,0
20240829  15:30:00,2611.4,2611.4,2611.4,2611.4,0
20240829  16:00:00,2611.8,2611.8,2608.2,2608.2,4
20240829  17:00:00,2617.0,2617.0,2617.0,2617.0,2
20240829  18:00:00,2619.0,2619.0,2619.0,2619.0,2
20240829  19:00:00,2618.4,2619.9,2618.4,2619.6,7
20240829  20:00:00,2618.6,2618.6,2615.6,2615.6,3
20240829  21:00:00,2615.6,2615.6,2615.6,2615.6,0
20240829  22:00:00,2615.6,2615.6,2615.6,2615.6,0
20240830  15:30:00,2610.2,2610.2,2610.2,2610.2,0
20240830  16:00:00,2603.7,2604.4,2603.7,2604.4,4
20240830  17:00:00,2597.7,2597.7,2594.4,2596.5,11
20240830  18:00:00,2595.8,2595.8,2588.9,2588.9,9
20240830  19:00:00,2586.6,2586.7,2586.2,2586.7,3
20240830  20:00:00,2586.7,2586.7,2586.7,2586.7,0
20240830  21:00:00,2586.7,2586.7,2586.7,2586.7,0
20240830  22:00:00,2586.7,2586.7,2586.7,2586.7,0
20240903  15:30:00,2567.2,2570.1,2567.1,2570.0,10
20240903  16:00:00,2570.9,2570.9,2563.6,2563.6,6
20240903  17:00:00,2568.7,2572.4,2568.7,2572.4,9
20240903  18:00:00,2572.4,2572.4,2572.4,2572.4,0
20240903  19:00:00,2572.4,2572.4,2572.4,2572.4,0
20240903  20:00:00,2579.0,2579.0,2579.0,2579.0,1
20240903  21:00:00,2579.3,2579.3,2579.3,2579.3,2
20240903  22:00:00,2579.3,2579.3,2579.3,2579.3,0
20240904  15:30:00,2572.6,2572.6,2572.6,2572.6,0
20240904  16:00:00,2572.6,2572.6,2572.6,2572.6,0
20240904  17:00:00,2572.6,2572.6,2572.6,2572.6,0
20240904  18:00:00,2572.6,2572.6,2572.6,2572.6,0
20240904  19:00:00,2572.6,2572.6,2572.6,2572.6,0
20240904  20:00:00,2572.6,2572.6,2572.6,2572.6,0
20240904  21:00:00,2581.5,2581.5,2581.4,2581.4,2
20240904  22:00:00,2581.4,2581.4,2581.4,2581.4,0
20240905  15:30:00,2603.8,2603.8,2603.8,2603.8,0
20240905  16:00:00,2604.9,2606.3,2597.4,2597.4,15
20240905  17:00:00,2595.3,2595.3,2592.2,2592.2,4
20240905  18:00:00,2592.2,2592.2,2592.2,2592.2,0
20240905  19:00:00,2592.2,2592.2,2592.2,2592.2,0
20240905  20:00:00,2592.2,2592.2,2592.2,2592.2,0
20240905  21:00:00,2592.2,2592.2,2592.2,2592.2,0
20240905  22:00:00,2592.2,2592.2,2592.2,2592.2,0
20240906  15:30:00,2592.0,2592.0,2591.5,2591.5,3
20240906  16:00:00,2590.9,2600.8,2590.9,2599.2,3
20240906  17:00:00,2598.0,2601.9,2593.3,2594.3,44
20240906  18:00:00,2587.6,2587.6,2570.0,2572.3,56
20240906  19:00:00,2578.5,2578.5,2578.5,2578.5,2
20240906  20:00:00,2578.5,2578.5,2578.5,2578.5,0
20240906  21:00:00,2578.5,2578.5,2578.5,2578.5,0
20240906  22:00:00,2578.5,2578.5,2578.5,2578.5,0
20240909  15:30:00,2585.3,2585.3,2585.3,2585.3,1
20240909  16:00:00,2579.3,2579.3,2579.3,2579.3,2
20240909  17:00:00,2579.3,2579.3,2579.3,2579.3,0
20240909  18:00:00,2579.3,2579.3,2579.3,2579.3,0
20240909  19:00:00,2589.3,2589.6,2588.9,2588.9,31
20240909  20:00:00,2588.9,2588.9,2588.9,2588.9,0
20240909  21:00:00,2588.9,2588.9,2588.9,2588.9,0
20240909  22:00:00,2591.4,2591.4,2591.4,2591.4,1
20240910  15:30:00,2588.9,2588.9,2588.9,2588.9,0
20240910  16:00:00,2588.9,2588.9,2588.9,2588.9,0
20240910  17:00:00,2588.9,2588.9,2588.9,2588.9,0
20240910  18:00:00,2588.9,2588.9,2588.9,2588.9,0
20240910  19:00:00,2600.0,2600.0,2599.9,2599.9,3
20240910  20:00:00,2599.9,2599.9,2599.9,2599.9,0
20240910  21:00:00,2602.8,2602.8,2602.8,2602.8,1
20240910  22:00:00,2602.5,2602.5,2601.9,2601.9,2
20240911  15:30:00,2592.6,2592.6,2592.6,2592.6,0
20240911  16:00:00,2592.6,2592.6,2592.6,2592.6,0
20240911  17:00:00,2598.8,2598.8,2598.8,2598.8,5
20240911  18:00:00,2598.8,2598.8,2598.8,2598.8,0
20240911  19:00:00,2601.9,2601.9,2599.7,2599.9,5
20240911  20:00:00,2599.9,2599.9,2599.9,2599.9,0
20240911  21:00:00,2599.9,2599.9,2599.9,2599.9,0
20240911  22:00:00,2599.9,2599.9,2599.9,2599.9,0
20240912  15:30:00,2625.0,2636.0,2625.0,2636.0,2
20240912  16:00:00,2634.7,2640.0,2630.1,2639.2,22
20240912  17:00:00,2639.3,2639.3,2639.3,2639.3,1
20240912  18:00:00,2635.0,2638.0,2633.0,2637.4,98
20240912  19:00:00,2638.0,2640.5,2638.0,2640.5,5
20240912  20:00:00,2640.5,2640.5,2640.5,2640.5,0
20240912  21:00:00,2640.5,2640.5,2640.5,2640.5,0
20240912  22:00:00,2640.5,2640.5,2640.5,2640.5,0
20240913  15:30:00,2664.7,2666.1,2660.8,2660.8,22
20240913  16:00:00,2661.5,2664.4,2658.9,2664.4,25
20240913  17:00:00,2660.9,2662.1,2660.9,2662.1,27
20240913  18:00:00,2668.0,2670.1,2667.0,2668.5,45
20240913  19:00:00,2669.7,2669.7,2668.2,2668.2,4
20240913  20:00:00,2668.2,2668.2,2668.2,2668.2,0
20240913  21:00:00,2668.2,2668.2,2668.2,2668.2,0
20240913  22:00:00,2668.2,2668.2,2668.2,2668.2,0
20240916  15:30:00,2665.6,2668.4,2665.1,2668.4,10
20240916  16:00:00,2669.7,2669.7,2664.0,2664.5,11
20240916  17:00:00,2664.5,2664.5,2664.5,2664.5,0
20240916  18:00:00,2664.5,2664.5,2664.5,2664.5,0
20240916  19:00:00,2665.0,2665.3,2664.7,2664.7,3
20240916  20:00:00,2664.5,2664.7,2664.5,2664.6,3
20240916  21:00:00,2663.4,2663.4,2663.4,2663.4,1
20240916  22:00:00,2663.4,2663.4,2663.4,2663.4,0
20240917  15:30:00,2660.1,2660.1,2660.1,2660.1,0
20240917  16:00:00,2660.1,2660.1,2660.1,2660.1,0
20240917  17:00:00,2657.9,2658.5,2647.0,2648.3,16
20240917  18:00:00,2646.5,2646.5,2645.0,2645.0,3
20240917  19:00:00,2648.8,2650.2,2647.5,2650.2,7
20240917  20:00:00,2653.1,2653.1,2653.1,2653.1,1
20240917  21:00:00,2653.1,2653.1,2653.1,2653.1,0
20240917  22:00:00,2653.1,2653.1,2653.1,2653.1,0
20240918  15:30:00,2659.7,2659.7,2659.7,2659.7,0
20240918  16:00:00,2652.7,2654.7,2652.7,2654.7,2
20240918  17:00:00,2654.7,2654.7,2654.7,2654.7,0
20240918  18:00:00,2654.7,2654.7,2654.7,2654.7,0
20240918  19:00:00,2656.0,2656.0,2655.4,2655.4,3
20240918  20:00:00,2660.0,2674.7,2655.2,2665.9,12
20240918  21:00:00,2649.3,2649.3,2630.0,2630.0,10
20240918  22:00:00,2630.0,2630.0,2630.0,2630.0,0
20240919  15:30:00,2658.2,2658.2,2658.2,2658.2,0
20240919  16:00:00,2658.2,2658.2,2658.2,2658.2,0
20240919  17:00:00,2668.6,2668.6,2668.6,2668.6,1
20240919  18:00:00,2670.8,2673.5,2670.6,2673.5,29
20240919  19:00:00,2670.9,2671.5,2670.9,2671.5,3
20240919  20:00:00,2671.9,2671.9,2671.5,2671.5,26
20240919  21:00:00,2669.1,2669.1,2669.1,2669.1,1
20240919  22:00:00,2668.7,2668.7,2668.7,2668.7,1
20240920  15:30:00,2687.4,2687.4,2686.0,2686.0,18
20240920  16:00:00,2689.2,2692.5,2689.2,2692.5,8
20240920  17:00:00,2705.8,2706.1,2705.8,2705.9,22
20240920  18:00:00,2705.4,2705.4,2705.4,2705.4,1
20240920  19:00:00,2703.5,2703.7,2703.3,2703.4,18
20240920  20:00:00,2703.4,2703.4,2703.4,2703.4,0
20240920  21:00:00,2704.3,2704.9,2704.0,2704.0,23
20240920  22:00:00,2702.7,2702.7,2702.7,2702.7,1
20240923  15:30:00,2709.8,2715.8,2709.6,2715.8,26
20240923  16:00:00,2713.5,2716.7,2711.8,2712.8,14
20240923  17:00:00,2711.7,2711.7,2711.7,2711.7,1
20240923  18:00:00,2710.8,2712.3,2710.8,2712.3,2
20240923  19:00:00,2710.1,2710.1,2709.5,2709.7,4
20240923  20:00:00,2709.7,2709.7,2709.7,2709.7,0
20240923  21:00:00,2709.6,2709.6,2709.6,2709.6,1
20240923  22:00:00,2709.6,2709.6,2709.6,2709.6,0
20240924  15:30:00,2718.8,2718.8,2718.8,2718.8,0
20240924  16:00:00,2718.7,2726.6,2717.6,2726.2,23
20240924  17:00:00,2726.1,2727.6,2721.9,2725.2,11
20240924  18:00:00,2735.8,2737.0,2735.5,2735.5,4
20240924  19:00:00,2735.5,2735.5,2735.5,2735.5,0
20240924  20:00:00,2739.2,2739.4,2739.2,2739.4,2
20240924  21:00:00,2738.8,2745.8,2738.8,2743.4,8
20240924  22:00:00,2744.8,2744.8,2744.8,2744.8,1
20240925  15:30:00,2737.0,2737.0,2737.0,2737.0,0
20240925  16:00:00,2744.0,2748.8,2736.0,2739.5,19
20240925  17:00:00,2739.5,2739.5,2739.5,2739.5,0
20240925  18:00:00,2739.5,2739.5,2739.5,2739.5,0
20240925  19:00:00,2735.9,2738.0,2735.9,2738.0,3
20240925  20:00:00,2741.3,2741.3,2741.3,2741.3,1
20240925  21:00:00,2741.0,2741.0,2741.0,2741.0,1
20240925  22:00:00,2741.0,2741.0,2741.0,2741.0,0
20240926  15:30:00,2743.8,2744.0,2738.2,2738.2,15
20240926  16:00:00,2743.6,2743.6,2743.6,2743.6,4
20240926  17:00:00,2750.3,2752.8,2750.3,2752.8,3
20240926  18:00:00,2747.4,2748.4,2747.2,2748.4,11
20240926  19:00:00,2752.3,2752.3,2752.3,2752.3,1
20240926  20:00:00,2752.3,2752.3,2752.3,2752.3,0
20240926  21:00:00,2752.3,2752.3,2752.3,2752.3,0
20240926  22:00:00,2752.3,2752.3,2752.3,2752.3,0
20240927  15:30:00,2746.8,2747.5,2746.3,2747.5,51
20240927  16:00:00,2747.2,2747.2,2732.2,2732.2,36
20240927  17:00:00,2731.2,2732.1,2724.5,2728.9,38
20240927  18:00:00,2728.6,2732.7,2728.6,2732.7,3
20240927  19:00:00,2726.5,2726.5,2725.2,2725.3,4
20240927  20:00:00,2725.5,2725.5,2725.3,2725.3,4
20240927  21:00:00,2729.4,2731.4,2729.4,2731.4,4
20240927  22:00:00,2733.4,2733.4,2733.3,2733.3,2
20240930  15:30:00,2712.0,2712.2,2709.5,2712.2,31
20240930  16:00:00,2711.4,2711.4,2709.8,2709.8,3
20240930  17:00:00,2712.9,2712.9,2711.8,2712.9,3
20240930  18:00:00,2716.8,2716.8,2716.8,2716.8,1
20240930  19:00:00,2719.3,2719.3,2719.3,2719.3,1
20240930  20:00:00,2705.6,2705.6,2705.6,2705.6,1
20240930  21:00:00,2709.0,2709.0,2709.0,2709.0,2
20240930  22:00:00,2712.1,2712.1,2712.1,2712.1,1
20241001  15:30:00,2738.3,2751.0,2738.3,2750.8,21
20241001  16:00:00,2746.3,2749.1,2739.2,2739.2,30
20241001  17:00:00,2736.4,2743.6,2736.4,2743.5,11
20241001  18:00:00,2748.0,2750.0,2748.0,2749.0,5
20241001  19:00:00,2744.0,2750.4,2744.0,2749.6,5
20241001  20:00:00,2739.0,2739.3,2739.0,2739.0,21
20241001  21:00:00,2739.0,2739.0,2739.0,2739.0,0
20241001  22:00:00,2739.0,2739.0,2739.0,2739.0,0
20241002  15:30:00,2736.6,2738.8,2736.6,2738.8,2
20241002  16:00:00,2742.9,2742.9,2742.9,2742.9,1
20241002  17:00:00,2742.9,2742.9,2742.9,2742.9,0
20241002  18:00:00,2742.9,2742.9,2742.9,2742.9,0
20241002  19:00:00,2729.3,2729.3,2729.3,2729.3,1
20241002  20:00:00,2729.3,2729.3,2729.3,2729.3,0
20241002  21:00:00,2729.3,2729.3,2729.3,2729.3,0
20241002  22:00:00,2729.3,2729.3,2729.3,2729.3,0
20241003  15:30:00,2729.2,2729.2,2729.2,2729.2,0
20241003  16:00:00,2717.6,2730.2,2717.6,2730.2,19
20241003  17:00:00,2730.2,2730.2,2730.2,2730.2,0
20241003  18:00:00,2734.3,2739.2,2734.3,2738.8,4
20241003  19:00:00,2739.8,2739.8,2739.8,2739.8,1
20241003  20:00:00,2738.5,2738.5,2737.8,2737.8,2
20241003  21:00:00,2737.8,2737.8,2737.8,2737.8,0
20241003  22:00:00,2737.8,2737.8,2737.8,2737.8,0
20241004  15:30:00,2734.3,2734.3,2734.3,2734.3,1
20241004  16:00:00,2731.2,2742.4,2731.2,2739.6,13
20241004  17:00:00,2744.0,2748.0,2744.0,2747.5,13
20241004  18:00:00,2725.6,2725.6,2725.1,2725.5,4
20241004  19:00:00,2728.5,2731.6,2728.5,2731.6,3
20241004  20:00:00,2731.5,2731.5,2727.8,2727.8,6
20241004  21:00:00,2731.5,2731.5,2731.5,2731.5,1
20241004  22:00:00,2733.1,2733.7,2733.1,2733.7,2
20241007  15:30:00,2727.3,2727.3,2727.3,2727.3,1
20241007  16:00:00,2727.3,2727.3,2727.3,2727.3,0
20241007  17:00:00,2731.5,2731.6,2729.7,2729.7,10
20241007  18:00:00,2726.8,2726.8,2726.7,2726.7,6
20241007  19:00:00,2726.7,2726.7,2726.7,2726.7,0
20241007  20:00:00,2726.7,2726.7,2726.7,2726.7,0
20241007  21:00:00,2726.7,2726.7,2726.7,2726.7,0
20241007  22:00:00,2726.7,2726.7,2726.7,2726.7,0
20241008  15:30:00,2720.0,2723.1,2719.2,2721.2,36
20241008  16:00:00,2721.2,2721.2,2703.3,2703.3,32
20241008  17:00:00,2700.0,2700.0,2686.8,2695.0,38
20241008  18:00:00,2690.3,2690.3,2690.1,2690.1,2
20241008  19:00:00,2686.8,2698.0,2686.8,2697.5,19
20241008  20:00:00,2696.0,2696.4,2696.0,2696.4,6
20241008  21:00:00,2698.2,2702.0,2698.2,2702.0,4
20241008  22:00:00,2702.0,2702.0,2702.0,2702.0,0
20241009  15:30:00,2690.0,2690.0,2690.0,2690.0,1
20241009  16:00:00,2688.9,2689.3,2686.8,2686.8,18
20241009  17:00:00,2694.6,2695.4,2694.6,2695.2,7
20241009  18:00:00,2690.0,2690.2,2690.0,2690.2,6
20241009  19:00:00,2690.2,2690.2,2690.2,2690.2,0
20241009  20:00:00,2691.0,2691.0,2691.0,2691.0,1
20241009  21:00:00,2690.0,2690.0,2689.9,2689.9,2
20241009  22:00:00,2689.9,2689.9,2689.9,2689.9,0
20241010  15:30:00,2697.4,2706.8,2696.0,2706.8,13
20241010  16:00:00,2709.0,2709.0,2703.1,2703.1,13
20241010  17:00:00,2699.1,2702.4,2698.9,2702.4,3
20241010  18:00:00,2705.2,2707.4,2705.2,2707.4,2
20241010  19:00:00,2698.3,2704.9,2698.3,2704.9,39
20241010  20:00:00,2704.6,2709.0,2704.6,2709.0,2
20241010  21:00:00,2710.9,2710.9,2710.9,2710.9,5
20241010  22:00:00,2710.9,2710.9,2710.9,2710.9,0
20241011  15:30:00,2730.7,2731.5,2727.8,2727.8,5
20241011  16:00:00,2731.6,2734.9,2731.6,2734.9,18
20241011  17:00:00,2734.6,2738.3,2734.6,2738.3,7
20241011  18:00:00,2738.3,2738.3,2738.3,2738.3,0
20241011  19:00:00,2740.8,2740.8,2737.9,2738.9,5
20241011  20:00:00,2738.2,2738.2,2738.2,2738.2,1
20241011  21:00:00,2738.2,2738.2,2738.2,2738.2,0
20241011  22:00:00,2735.7,2735.7,2735.6,2735.6,5
20241014  15:30:00,2730.0,2730.0,2730.0,2730.0,0
20241014  16:00:00,2730.0,2730.0,2730.0,2730.0,0
20241014  17:00:00,2726.9,2727.3,2726.9,2727.1,6
20241014  18:00:00,2727.1,2727.1,2727.1,2727.1,0
20241014  19:00:00,2728.9,2728.9,2728.9,2728.9,1
20241014  20:00:00,2728.9,2728.9,2728.9,2728.9,0
20241014  21:00:00,2731.6,2731.6,2731.6,2731.6,1
20241014  22:00:00,2733.0,2733.4,2733.0,2733.4,21
20241015  15:30:00,2728.0,2729.6,2727.1,2729.6,6
20241015  16:00:00,2732.0,2739.0,2732.0,2739.0,5
20241015  17:00:00,2742.6,2744.1,2741.7,2744.1,12
20241015  18:00:00,2747.8,2747.8,2745.4,2745.4,4
20241015  19:00:00,2745.4,2745.4,2745.4,2745.4,0
20241015  20:00:00,2745.4,2745.4,2745.4,2745.4,0
20241015  21:00:00,2745.4,2745.4,2745.4,2745.4,0
20241015  22:00:00,2745.4,2745.4,2745.4,2745.4,0
20241016  15:30:00,2764.7,2764.7,2764.7,2764.7,1
20241016  16:00:00,2760.9,2760.9,2752.0,2752.0,20
20241016  17:00:00,2752.5,2755.6,2752.5,2754.0,4
20241016  18:00:00,2753.6,2753.9,2753.6,2753.9,3
20241016  19:00:00,2753.9,2753.9,2753.9,2753.9,0
20241016  20:00:00,2753.9,2753.9,2753.9,2753.9,0
20241016  21:00:00,2753.9,2753.9,2753.9,2753.9,0
20241016  22:00:00,2753.9,2753.9,2753.9,2753.9,0
20241017  15:30:00,2764.8,2764.8,2764.8,2764.8,0
20241017  16:00:00,2769.0,2774.1,2769.0,2774.1,11
20241017  17:00:00,2772.5,2772.9,2772.5,2772.9,2
20241017  18:00:00,2769.4,2769.4,2769.4,2769.4,1
20241017  19:00:00,2772.8,2772.8,2772.1,2772.1,10
20241017  20:00:00,2769.7,2769.7,2769.7,2769.7,1
20241017  21:00:00,2769.7,2769.7,2769.7,2769.7,0
20241017  22:00:00,2769.7,2769.7,2769.7,2769.7,0
20241018  15:30:00,2790.0,2795.6,2790.0,2795.0,4
20241018  16:00:00,2793.1,2800.0,2793.1,2800.0,30
20241018  17:00:00,2795.8,2796.5,2795.8,2796.5,2
20241018  18:00:00,2797.6,2797.7,2796.4,2796.4,12
20241018  19:00:00,2799.0,2799.2,2794.5,2795.8,15
20241018  20:00:00,2796.2,2798.9,2796.1,2798.9,3
20241018  21:00:00,2798.9,2798.9,2798.9,2798.9,0
20241018  22:00:00,2802.1,2802.1,2802.1,2802.1,1
20241021  15:30:00,2817.1,2819.4,2817.1,2819.4,5
20241021  16:00:00,2818.4,2818.7,2805.0,2806.6,42
20241021  17:00:00,2804.0,2804.0,2800.2,2803.0,46
20241021  18:00:00,2802.0,2804.2,2802.0,2803.9,3
20241021  19:00:00,2803.9,2803.9,2803.9,2803.9,0
20241021  20:00:00,2796.6,2796.6,2795.7,2796.3,8
20241021  21:00:00,2796.6,2796.6,2796.6,2796.6,2
20241021  22:00:00,2799.4,2799.8,2799.4,2799.7,3
20241022  15:30:00,2822.0,2822.0,2818.4,2818.4,3
20241022  16:00:00,2815.6,2821.8,2815.6,2821.8,8
20241022  17:00:00,2820.7,2820.7,2817.7,2818.1,168
20241022  18:00:00,2819.1,2825.5,2819.1,2825.5,17
20241022  19:00:00,2827.1,2828.8,2827.1,2828.8,37
20241022  20:00:00,2824.9,2824.9,2824.9,2824.9,2
20241022  21:00:00,2828.8,2828.8,2828.8,2828.8,2
20241022  22:00:00,2827.8,2829.2,2827.8,2829.2,9
20241023  15:30:00,2815.8,2815.8,2812.4,2815.2,4
20241023  16:00:00,2815.5,2815.5,2797.7,2799.7,20
20241023  17:00:00,2795.0,2800.4,2788.6,2800.4,43
20241023  18:00:00,2799.6,2801.8,2798.1,2799.9,28
20241023  19:00:00,2797.4,2798.6,2794.6,2795.6,21
20241023  20:00:00,2794.4,2794.4,2791.1,2793.7,10
20241023  21:00:00,2793.7,2793.7,2793.7,2793.7,0
20241023  22:00:00,2793.7,2793.7,2793.7,2793.7,0
20241024  15:30:00,2816.4,2816.4,2810.0,2811.5,15
20241024  16:00:00,2814.4,2814.8,2802.0,2807.1,13
20241024  17:00:00,2807.1,2807.1,2807.1,2807.1,0
20241024  18:00:00,2807.1,2807.1,2807.1,2807.1,0
20241024  19:00:00,2807.1,2807.1,2807.1,2807.1,0
20241024  20:00:00,2807.1,2807.1,2807.1,2807.1,0
20241024  21:00:00,2807.1,2807.1,2807.1,2807.1,0
20241024  22:00:00,2807.1,2807.1,2807.1,2807.1,0
20241025  15:30:00,2804.8,2809.0,2804.6,2809.0,9
20241025  16:00:00,2808.9,2817.7,2808.9,2816.6,48
20241025  17:00:00,2819.0,2819.0,2817.8,2817.8,3
20241025  18:00:00,2813.8,2817.1,2813.8,2817.1,3
20241025  19:00:00,2820.2,2820.2,2820.2,2820.2,1
20241025  20:00:00,2820.2,2820.2,2820.2,2820.2,0
20241025  21:00:00,2820.2,2820.2,2820.2,2820.2,0
20241025  22:00:00,2820.2,2820.2,2820.2,2820.2,0
20241028  14:30:00,2818.0,2819.6,2817.1,2819.6,4
20241028  15:00:00,2820.8,2821.6,2820.8,2821.6,3
20241028  16:00:00,2818.7,2818.7,2818.7,2818.7,1
20241028  17:00:00,2818.7,2818.7,2818.7,2818.7,0
20241028  18:00:00,2820.4,2821.3,2820.4,2821.0,4
20241028  19:00:00,2819.5,2819.5,2819.5,2819.5,1
20241028  20:00:00,2819.5,2819.5,2819.5,2819.5,3
20241028  21:00:00,2819.5,2819.5,2819.5,2819.5,0
20241029  14:30:00,2834.0,2841.3,2834.0,2841.3,15
20241029  15:00:00,2843.0,2847.5,2842.9,2846.3,9
20241029  16:00:00,2846.3,2846.3,2839.0,2841.0,35
20241029  17:00:00,2843.4,2843.7,2842.6,2843.7,22
20241029  18:00:00,2848.7,2848.7,2846.4,2847.9,23
20241029  19:00:00,2847.9,2847.9,2847.9,2847.9,0
20241029  20:00:00,2850.6,2850.6,2849.7,2849.7,7
20241029  21:00:00,2853.0,2853.2,2853.0,2853.2,2
20241030  14:30:00,2851.4,2857.6,2850.2,2856.4,8
20241030  15:00:00,2854.5,2854.5,2854.5,2854.5,1
20241030  16:00:00,2856.0,2859.5,2851.0,2859.5,9
20241030  17:00:00,2863.8,2864.1,2862.5,2864.1,24
20241030  18:00:00,2864.1,2864.1,2864.1,2864.1,0
20241030  19:00:00,2866.7,2866.7,2865.5,2866.4,11
20241030  20:00:00,2864.4,2864.4,2864.0,2864.0,2
20241030  21:00:00,2862.7,2862.7,2862.7,2862.7,1
20241031  14:30:00,2839.0,2839.6,2832.3,2832.3,19
20241031  15:00:00,2828.8,2829.4,2815.2,2815.4,88
20241031  16:00:00,2812.3,2817.6,2809.9,2817.0,67
20241031  17:00:00,2818.1,2818.1,2814.4,2817.2,11
20241031  18:00:00,2815.7,2816.0,2815.1,2815.8,29
20241031  19:00:00,2817.2,2823.8,2817.2,2823.8,2
20241031  20:00:00,2824.1,2825.5,2824.1,2825.5,9
20241031  21:00:00,2823.8,2823.8,2823.5,2823.5,2
20241101  14:30:00,2834.4,2834.4,2834.4,2834.4,2
20241101  15:00:00,2833.8,2834.0,2816.1,2820.5,10
20241101  16:00:00,2820.5,2820.5,2820.5,2820.5,0
20241101  17:00:00,2820.5,2820.5,2820.5,2820.5,0
20241101  18:00:00,2815.9,2816.2,2815.3,2816.0,11
20241101  19:00:00,2810.0,2813.5,2810.0,2813.5,2
20241101  20:00:00,2813.5,2813.5,2813.5,2813.5,0
20241101  21:00:00,2813.5,2813.5,2813.5,2813.5,0
20241104  15:30:00,2816.4,2816.4,2816.4,2816.4,0
20241104  16:00:00,2819.5,2819.5,2814.8,2816.6,13
20241104  17:00:00,2810.9,2814.8,2808.6,2808.6,30
20241104  18:00:00,2811.5,2812.4,2811.5,2812.4,2
20241104  19:00:00,2813.8,2813.8,2813.8,2813.8,16
20241104  20:00:00,2813.8,2813.8,2813.8,2813.8,0
20241104  21:00:00,2813.8,2813.8,2813.8,2813.8,0
20241104  22:00:00,2813.8,2813.8,2813.8,2813.8,0
20241105  15:30:00,2823.3,2823.3,2821.2,2823.2,5
20241105  16:00:00,2814.9,2814.9,2813.7,2813.7,5
20241105  17:00:00,2817.4,2817.5,2812.5,2815.0,114
20241105  18:00:00,2818.5,2818.5,2818.2,2818.2,2
20241105  19:00:00,2816.5,2817.4,2816.1,2816.1,11
20241105  20:00:00,2816.1,2816.1,2816.1,2816.1,0
20241105  21:00:00,2816.1,2816.1,2816.1,2816.1,0
20241105  22:00:00,2816.1,2816.1,2816.1,2816.1,0
20241106  15:30:00,2732.1,2733.8,2728.0,2728.0,20
20241106  16:00:00,2735.5,2748.0,2733.2,2745.8,23
20241106  17:00:00,2750.0,2750.0,2740.0,2745.5,8
20241106  18:00:00,2740.0,2740.0,2737.5,2737.5,2
20241106  19:00:00,2738.0,2743.5,2738.0,2741.5,41
20241106  20:00:00,2741.6,2741.6,2741.6,2741.6,1
20241106  21:00:00,2736.0,2736.0,2735.8,2735.8,9
20241106  22:00:00,2735.5,2735.5,2734.5,2734.5,2
20241107  15:30:00,2765.2,2765.4,2763.4,2763.4,3
20241107  16:00:00,2767.6,2773.0,2767.6,2770.3,25
20241107  17:00:00,2769.8,2769.8,2765.5,2765.5,2
20241107  18:00:00,2771.1,2773.0,2771.1,2773.0,11
20241107  19:00:00,2770.0,2772.7,2770.0,2772.3,8
20241107  20:00:00,2769.7,2769.9,2766.1,2766.1,40
20241107  21:00:00,2779.5,2782.5,2776.9,2776.9,6
20241107  22:00:00,2779.8,2781.0,2778.7,2781.0,17
20241108  15:30:00,2773.2,2773.2,2763.4,2763.4,2
20241108  16:00:00,2765.9,2765.9,2760.0,2761.0,6
20241108  17:00:00,2760.0,2760.5,2758.0,2758.0,4
20241108  18:00:00,2761.6,2762.2,2760.6,2762.2,12
20241108  19:00:00,2761.6,2761.8,2760.9,2761.0,95
20241108  20:00:00,2761.0,2761.0,2761.0,2761.0,0
20241108  21:00:00,2761.3,2762.7,2759.6,2759.6,44
20241108  22:00:00,2759.5,2759.6,2757.1,2758.7,15
20241111  15:30:00,2698.7,2698.7,2694.5,2694.5,15
20241111  16:00:00,2688.5,2690.5,2687.6,2687.6,18
20241111  17:00:00,2685.1,2689.7,2684.9,2687.3,55
20241111  18:00:00,2686.4,2686.4,2683.2,2684.9,10
20241111  19:00:00,2684.7,2689.1,2682.7,2689.1,82
20241111  20:00:00,2692.4,2692.4,2691.0,2691.0,6
20241111  21:00:00,2694.9,2694.9,2694.9,2694.9,1
20241111  22:00:00,2692.0,2692.0,2692.0,2692.0,1
20241112  15:30:00,2684.1,2684.1,2682.8,2683.2,31
20241112  16:00:00,2682.4,2682.4,2669.4,2672.0,26
20241112  17:00:00,2671.3,2673.3,2671.3,2672.0,8
20241112  18:00:00,2669.4,2670.0,2665.0,2669.1,12
20241112  19:00:00,2669.0,2673.4,2669.0,2673.4,12
20241112  20:00:00,2670.4,2670.4,2670.4,2670.4,1
20241112  21:00:00,2668.4,2669.5,2668.4,2669.5,2
20241112  22:00:00,2669.0,2669.0,2669.0,2669.0,1
20241113  15:30:00,2679.3,2679.3,2678.7,2679.3,9
20241113  16:00:00,2665.0,2676.6,2665.0,2676.6,4
20241113  17:00:00,2674.0,2674.0,2660.9,2662.2,7
20241113  18:00:00,2653.6,2654.8,2648.5,2653.4,24
20241113  19:00:00,2653.6,2655.1,2650.0,2650.6,16
20241113  20:00:00,2651.8,2651.8,2651.8,2651.8,1
20241113  21:00:00,2645.0,2646.9,2645.0,2645.2,9
20241113  22:00:00,2643.9,2643.9,2643.9,2643.9,6
20241114  15:30:00,2632.1,2633.8,2626.8,2628.0,11
20241114  16:00:00,2628.0,2641.5,2628.0,2639.0,93
20241114  17:00:00,2641.1,2646.1,2640.9,2643.3,8
20241114  18:00:00,2643.4,2643.7,2639.3,2639.3,8
20241114  19:00:00,2639.3,2639.3,2639.3,2639.3,0
20241114  20:00:00,2639.4,2646.2,2639.4,2646.2,3
20241114  21:00:00,2636.4,2636.4,2633.2,2633.2,3
20241114  22:00:00,2635.9,2635.9,2635.9,2635.9,2
20241115  15:30:00,2641.4,2642.9,2640.4,2640.4,22
20241115  16:00:00,2641.1,2641.1,2636.0,2640.0,3
20241115  17:00:00,2640.0,2640.0,2640.0,2640.0,0
20241115  18:00:00,2631.3,2631.6,2631.3,2631.6,4
20241115  19:00:00,2631.2,2635.6,2631.2,2635.6,28
20241115  20:00:00,2633.8,2633.8,2631.0,2632.6,4
20241115  21:00:00,2630.9,2630.9,2630.9,2630.9,1
20241115  22:00:00,2630.7,2630.7,2630.5,2630.7,21
20241118  15:30:00,2675.3,2678.1,2675.3,2677.4,5
20241118  16:00:00,2680.0,2680.6,2680.0,2680.6,7
20241118  17:00:00,2682.9,2682.9,2681.9,2681.9,4
20241118  18:00:00,2680.2,2680.3,2677.8,2680.3,8
20241118  19:00:00,2677.5,2679.6,2677.5,2679.5,5
20241118  20:00:00,2680.1,2680.1,2680.1,2680.1,1
20241118  21:00:00,2680.1,2680.1,2680.1,2680.1,1
20241118  22:00:00,2680.3,2681.3,2680.3,2681.3,2
20241119  15:30:00,2698.3,2698.3,2693.6,2693.6,5
20241119  16:00:00,2691.3,2692.6,2690.0,2691.2,4
20241119  17:00:00,2692.6,2693.2,2692.5,2693.2,8
20241119  18:00:00,2696.9,2701.6,2696.9,2698.8,5
20241119  19:00:00,2697.3,2698.7,2695.8,2698.7,5
20241119  20:00:00,2698.9,2700.1,2698.8,2698.8,9
20241119  21:00:00,2699.5,2702.6,2699.5,2702.6,3
20241119  22:00:00,2700.5,2700.5,2700.5,2700.5,1
20241120  15:30:00,2707.3,2715.3,2706.1,2715.3,9
20241120  16:00:00,2714.9,2717.5,2712.9,2712.9,44
20241120  17:00:00,2716.6,2719.4,2716.6,2719.4,27
20241120  18:00:00,2720.0,2724.3,2719.5,2721.3,21
20241120  19:00:00,2717.5,2718.3,2716.6,2718.3,10
20241120  20:00:00,2718.9,2721.8,2718.7,2719.9,14
20241120  21:00:00,2719.8,2720.3,2716.8,2718.0,11
20241120  22:00:00,2718.5,2719.3,2718.5,2719.3,2
20241121  15:30:00,2736.5,2739.6,2736.3,2736.5,12
20241121  16:00:00,2735.1,2736.9,2733.8,2736.0,12
20241121  17:00:00,2738.9,2738.9,2734.3,2736.1,6
20241121  18:00:00,2737.0,2741.6,2737.0,2740.9,13
20241121  19:00:00,2742.0,2742.0,2739.9,2739.9,15
20241121  20:00:00,2741.2,2741.2,2738.4,2738.4,4
20241121  21:00:00,2739.8,2740.7,2739.8,2740.7,3
20241121  22:00:00,2738.8,2738.8,2737.4,2738.4,4
20241122  15:30:00,2755.5,2764.3,2754.0,2763.8,30
20241122  16:00:00,2765.0,2774.8,2765.0,2773.7,38
20241122  17:00:00,2772.1,2776.6,2771.8,2774.9,23
20241122  18:00:00,2775.8,2777.5,2774.3,2777.1,20
20241122  19:00:00,2778.8,2781.4,2778.8,2781.2,40
20241122  20:00:00,2781.1,2782.0,2779.1,2779.1,31
20241122  21:00:00,2778.6,2779.0,2777.2,2777.7,6
20241122  22:00:00,2777.7,2785.9,2777.7,2785.9,11
20241125  15:30:00,2713.6,2713.6,2702.6,2710.8,8
20241125  16:00:00,2707.0,2707.0,2697.0,2697.2,38
20241125  17:00:00,2699.9,2700.0,2699.8,2699.8,5
20241125  18:00:00,2701.4,2701.9,2693.4,2696.3,28
20241125  19:00:00,2692.5,2692.5,2684.0,2685.7,16
20241125  20:00:00,2687.9,2688.0,2687.6,2687.6,10
20241125  21:00:00,2694.3,2695.7,2693.6,2695.7,15
20241125  22:00:00,2695.7,2695.7,2695.6,2695.6,2
20241126  15:30:00,2697.0,2697.0,2685.9,2690.2,91
20241126  16:00:00,2690.3,2699.7,2689.0,2697.2,50
20241126  17:00:00,2697.7,2697.9,2696.5,2696.9,12
20241126  18:00:00,2695.0,2695.0,2692.8,2692.8,6
20241126  19:00:00,2689.9,2692.6,2688.9,2692.6,6
20241126  20:00:00,2692.6,2692.6,2692.6,2692.6,0
20241126  21:00:00,2695.5,2700.0,2695.5,2700.0,2
20241126  22:00:00,2700.0,2700.0,2700.0,2700.0,0
20241127  15:30:00,2721.1,2721.1,2721.1,2721.1,1
20241127  16:00:00,2715.0,2715.0,2706.2,2710.0,17
20241127  17:00:00,2708.4,2709.4,2707.4,2707.4,6
20241127  18:00:00,2708.5,2709.1,2707.0,2707.0,6
20241127  19:00:00,2706.3,2708.2,2705.8,2705.8,12
20241127  20:00:00,2704.0,2704.1,2703.0,2703.0,8
20241127  21:00:00,2703.0,2705.7,2703.0,2705.6,3
20241127  22:00:00,2704.6,2704.6,2702.9,2703.1,13
20241128  15:30:00,2711.5,2711.5,2711.5,2711.5,1
20241128  16:00:00,2704.9,2705.4,2704.9,2705.0,3
20241128  17:00:00,2705.0,2705.0,2705.0,2705.0,0
20241128  18:00:00,2707.8,2707.8,2707.8,2707.8,1
20241128  19:00:00,2707.8,2707.8,2707.8,2707.8,0
20241128  20:00:00,2704.7,2704.8,2704.7,2704.8,3
20241129  15:30:00,2721.6,2724.0,2718.0,2718.7,14
20241129  16:00:00,2718.5,2723.8,2717.3,2723.8,34
20241129  17:00:00,2725.2,2728.5,2725.2,2728.5,9
20241129  18:00:00,2728.0,2728.0,2724.6,2727.8,10
20241129  19:00:00,2725.7,2726.7,2724.5,2724.5,78
20241129  20:00:00,2716.0,2716.0,2716.0,2716.0,1
20241202  15:30:00,2711.0,2711.0,2708.8,2710.0,3
20241202  16:00:00,2713.8,2713.8,2707.5,2707.5,16
20241202  17:00:00,2705.0,2708.3,2705.0,2705.6,8
20241202  18:00:00,2704.2,2704.2,2704.2,2704.2,1
20241202  19:00:00,2701.6,2703.0,2700.2,2703.0,15
20241202  20:00:00,2704.4,2704.4,2704.4,2704.4,1
20241202  21:00:00,2703.4,2707.3,2703.4,2706.0,16
20241202  22:00:00,2702.4,2702.4,2702.4,2702.4,2
20241203  15:30:00,2715.9,2716.0,2711.3,2711.3,62
20241203  16:00:00,2708.7,2708.7,2701.8,2706.2,44
20241203  17:00:00,2707.2,2711.6,2704.4,2711.6,19
20241203  18:00:00,2711.4,2711.4,2709.2,2711.0,3
20241203  19:00:00,2709.4,2710.7,2708.0,2710.4,16
20241203  20:00:00,2706.0,2706.0,2706.0,2706.0,2
20241203  21:00:00,2708.0,2708.0,2707.8,2707.8,5
20241203  22:00:00,2707.2,2707.2,2707.2,2707.2,1
20241204  15:30:00,2718.3,2718.3,2715.7,2715.7,6
20241204  16:00:00,2716.5,2721.8,2714.2,2721.8,21
20241204  17:00:00,2721.0,2721.6,2713.2,2715.6,15
20241204  18:00:00,2715.0,2718.4,2714.9,2715.5,15
20241204  19:00:00,2718.1,2718.6,2716.6,2717.5,31
20241204  20:00:00,2712.9,2719.2,2712.9,2719.2,7
20241204  21:00:00,2717.4,2717.4,2716.9,2716.9,3
20241204  22:00:00,2716.9,2716.9,2716.9,2716.9,0
20241205  15:30:00,2711.3,2712.2,2708.1,2708.1,9
20241205  16:00:00,2704.8,2706.2,2696.9,2705.5,82
20241205  17:00:00,2706.9,2706.9,2697.6,2699.0,34
20241205  18:00:00,2699.3,2699.5,2688.8,2692.1,58
20241205  19:00:00,2692.8,2692.8,2687.9,2687.9,10
20241205  20:00:00,2695.8,2695.8,2695.0,2695.0,3
20241205  21:00:00,2695.0,2695.0,2695.0,2695.0,0
20241205  22:00:00,2695.0,2695.0,2695.0,2695.0,0
20241206  15:30:00,2692.1,2692.1,2692.1,2692.1,1
20241206  16:00:00,2696.1,2701.6,2696.1,2699.1,19
20241206  17:00:00,2700.4,2700.4,2700.4,2700.4,2
20241206  18:00:00,2697.8,2697.9,2697.5,2697.5,7
20241206  19:00:00,2701.3,2701.6,2700.4,2700.4,17
20241206  20:00:00,2698.5,2698.5,2697.2,2697.2,2
20241206  21:00:00,2700.0,2700.1,2698.5,2698.5,7
20241206  22:00:00,2696.7,2697.1,2694.9,2696.4,14
20241209  15:30:00,2733.2,2739.2,2733.2,2739.2,10
20241209  16:00:00,2736.9,2740.5,2733.2,2735.1,28
20241209  17:00:00,2733.4,2733.4,2732.0,2733.0,7
20241209  18:00:00,2731.1,2732.5,2729.1,2729.3,46
20241209  19:00:00,2727.6,2728.6,2727.1,2727.1,13
20241209  20:00:00,2726.1,2726.5,2726.1,2726.1,6
20241209  21:00:00,2726.1,2726.1,2726.1,2726.1,0
20241209  22:00:00,2724.0,2724.9,2724.0,2724.9,4
20241210  15:30:00,2752.0,2758.4,2752.0,2755.9,34
20241210  16:00:00,2756.4,2757.5,2752.3,2756.7,46
20241210  17:00:00,2756.3,2759.3,2755.0,2758.2,89
20241210  18:00:00,2760.1,2762.4,2760.1,2762.4,18
20241210  19:00:00,2762.0,2763.0,2760.2,2760.4,101
20241210  20:00:00,2760.1,2762.4,2759.8,2762.4,3
20241210  21:00:00,2760.4,2761.4,2760.0,2761.4,3
20241210  22:00:00,2761.4,2763.6,2761.4,2763.5,4
20241211  15:30:00,2772.9,2781.8,2770.6,2781.8,31
20241211  16:00:00,2783.2,2797.3,2782.8,2791.6,178
20241211  17:00:00,2791.4,2796.2,2790.9,2793.1,59
20241211  18:00:00,2793.2,2798.0,2793.2,2796.9,14
20241211  19:00:00,2798.2,2799.8,2791.3,2791.3,144
20241211  20:00:00,2791.9,2795.1,2791.9,2794.9,15
20241211  21:00:00,2795.6,2795.6,2795.2,2795.6,3
20241211  22:00:00,2795.6,2795.6,2795.6,2795.6,0
20241212  15:30:00,2753.5,2755.2,2747.4,2754.0,46
20241212  16:00:00,2753.2,2756.0,2740.6,2744.0,54
20241212  17:00:00,2746.4,2749.4,2744.7,2749.0,32
20241212  18:00:00,2751.4,2752.2,2751.4,2751.9,11
20241212  19:00:00,2750.0,2752.6,2750.0,2751.9,24
20241212  20:00:00,2751.9,2751.9,2751.9,2751.9,0
20241212  21:00:00,2749.4,2749.6,2749.4,2749.6,4
20241212  22:00:00,2748.2,2749.5,2748.2,2749.2,5
20241213  15:30:00,2722.4,2723.3,2719.4,2723.2,50
20241213  16:00:00,2721.2,2725.0,2717.2,2724.5,40
20241213  17:00:00,2723.3,2726.4,2720.8,2726.0,10
20241213  18:00:00,2723.3,2723.7,2720.4,2720.4,16
20241213  19:00:00,2720.4,2721.1,2715.6,2718.4,22
20241213  20:00:00,2718.3,2718.3,2716.0,2716.5,14
20241213  21:00:00,2715.8,2715.8,2708.5,2709.2,26
20241213  22:00:00,2709.2,2711.5,2708.4,2711.5,9
20241216  15:30:00,2720.0,2721.6,2717.1,2717.9,36
20241216  16:00:00,2717.9,2718.9,2713.8,2717.3,19
20241216  17:00:00,2717.6,2717.6,2711.7,2714.3,41
20241216  18:00:00,2714.4,2716.2,2714.2,2715.4,11
20241216  19:00:00,2713.2,2716.6,2713.2,2716.6,11
20241216  20:00:00,2715.5,2716.0,2713.4,2714.6,8
20241216  21:00:00,2713.9,2714.7,2713.9,2714.7,3
20241216  22:00:00,2713.3,2713.3,2713.3,2713.3,1
20241217  15:30:00,2698.5,2699.1,2693.5,2693.5,15
20241217  16:00:00,2694.4,2701.0,2694.1,2698.6,59
20241217  17:00:00,2696.7,2699.8,2695.3,2699.4,21
20241217  18:00:00,2700.0,2707.1,2700.0,2707.1,14
20241217  19:00:00,2705.4,2708.2,2705.4,2707.3,19
20241217  20:00:00,2708.5,2708.5,2706.9,2706.9,3
20241217  21:00:00,2707.3,2707.3,2705.5,2705.5,2
20241217  22:00:00,2705.4,2705.9,2705.4,2705.9,4
20241218  15:30:00,2699.8,2699.8,2699.8,2699.8,1
20241218  16:00:00,2698.3,2698.5,2696.2,2696.2,4
20241218  17:00:00,2701.2,2701.2,2695.1,2695.1,6
20241218  18:00:00,2699.2,2699.2,2699.2,2699.2,1
20241218  19:00:00,2698.3,2699.8,2697.9,2698.5,12
20241218  20:00:00,2688.3,2692.2,2664.3,2664.3,82
20241218  21:00:00,2667.9,2669.3,2647.0,2652.0,182
20241218  22:00:00,2653.0,2654.7,2647.0,2647.2,29
20241219  15:30:00,2656.4,2660.9,2651.9,2652.1,36
20241219  16:00:00,2652.1,2656.4,2647.5,2649.5,98
20241219  17:00:00,2649.5,2657.2,2648.7,2652.0,29
20241219  18:00:00,2653.7,2653.7,2651.8,2652.7,7
20241219  19:00:00,2655.6,2655.6,2652.8,2652.8,29
20241219  20:00:00,2659.8,2661.0,2659.2,2660.5,5
20241219  21:00:00,2658.8,2658.8,2656.7,2656.7,8
20241219  22:00:00,2656.4,2656.4,2655.4,2655.4,2
20241220  15:30:00,2680.7,2680.7,2676.6,2679.7,40
20241220  16:00:00,2680.6,2698.1,2680.5,2697.8,57
20241220  17:00:00,2697.6,2698.5,2688.0,2689.1,55
20241220  18:00:00,2691.1,2692.0,2687.6,2690.7,27
20241220  19:00:00,2689.5,2690.7,2689.1,2689.1,29
20241220  20:00:00,2693.0,2693.7,2691.9,2692.9,18
20241220  21:00:00,2691.3,2691.3,2690.1,2690.1,5
20241220  22:00:00,2687.2,2687.2,2684.0,2686.1,11
20241223  15:30:00,2677.7,2677.7,2675.0,2675.2,15
20241223  16:00:00,2675.4,2675.5,2669.9,2669.9,24
20241223  17:00:00,2671.2,2676.9,2668.9,2676.9,16
20241223  18:00:00,2677.5,2677.5,2674.2,2675.1,6
20241223  19:00:00,2672.5,2674.5,2672.5,2673.3,17
20241223  20:00:00,2672.4,2672.4,2671.7,2671.8,15
20241223  21:00:00,2673.8,2673.8,2672.0,2672.3,3
20241223  22:00:00,2675.1,2675.1,2675.1,2675.1,1
20241224  15:30:00,2677.5,2678.0,2677.5,2677.5,5
20241224  16:00:00,2671.0,2671.0,2671.0,2671.0,1
20241224  17:00:00,2676.5,2676.5,2676.5,2676.5,1
20241224  18:00:00,2679.7,2681.6,2679.7,2681.3,3
20241224  19:00:00,2681.1,2681.1,2681.1,2681.1,1
20241226  15:30:00,2689.2,2691.2,2687.7,2691.2,6
20241226  16:00:00,2693.3,2700.8,2693.3,2699.7,32
20241226  17:00:00,2698.9,2698.9,2696.0,2696.0,4
20241226  18:00:00,2693.8,2693.9,2693.1,2693.2,7
20241226  19:00:00,2697.3,2700.9,2696.7,2700.4,16
20241226  20:00:00,2698.9,2701.3,2698.9,2701.3,4
20241226  21:00:00,2701.3,2701.3,2701.3,2701.3,1
20241226  22:00:00,2701.8,2701.8,2701.8,2701.8,1
20241227  15:30:00,2673.9,2679.0,2673.5,2676.6,41
20241227  16:00:00,2676.9,2681.6,2675.5,2680.9,47
20241227  17:00:00,2681.1,2682.0,2680.7,2681.6,16
20241227  18:00:00,2680.9,2680.9,2676.8,2678.3,19
20241227  19:00:00,2679.3,2680.8,2678.7,2680.8,15
20241227  20:00:00,2681.3,2684.0,2681.3,2684.0,7
20241227  21:00:00,2677.6,2679.2,2677.6,2679.2,4
20241227  22:00:00,2680.8,2682.8,2680.8,2682.8,2
20241230  15:30:00,2669.9,2671.7,2665.8,2671.7,4
20241230  16:00:00,2668.9,2668.9,2660.3,2662.8,71
20241230  17:00:00,2662.5,2663.7,2657.6,2660.0,68
20241230  18:00:00,2661.8,2665.8,2661.8,2665.8,24
20241230  19:00:00,2666.9,2668.0,2666.3,2667.1,110
20241230  20:00:00,2667.7,2668.9,2667.7,2668.9,5
20241230  21:00:00,2671.6,2671.6,2671.0,2671.0,2
20241230  22:00:00,2671.0,2671.0,2671.0,2671.0,0
20241231  15:30:00,2678.1,2680.3,2677.4,2677.4,9
20241231  16:00:00,2677.6,2689.8,2677.6,2689.7,56
20241231  17:00:00,2687.9,2691.8,2687.9,2690.2,13
20241231  18:00:00,2689.6,2691.7,2688.8,2689.2,21
20241231  19:00:00,2688.8,2692.6,2688.7,2691.2,37
20241231  20:00:00,2690.5,2691.2,2690.5,2691.1,3
20241231  21:00:00,2689.9,2690.4,2688.4,2688.4,3
20241231  22:00:00,2689.8,2689.8,2689.8,2689.8,2
20250102  15:30:00,2711.8,2712.4,2709.1,2709.8,30
20250102  16:00:00,2709.3,2717.4,2708.6,2716.4,63
20250102  17:00:00,2713.0,2723.1,2712.9,2723.1,31
20250102  18:00:00,2723.1,2723.1,2716.3,2718.6,15
20250102  19:00:00,2722.1,2722.1,2717.1,2718.4,28
20250102  20:00:00,2717.7,2718.7,2717.7,2717.9,20
20250102  21:00:00,2719.5,2722.1,2719.5,2721.8,6
20250102  22:00:00,2722.2,2722.5,2720.0,2720.0,18
20250103  15:30:00,2712.8,2715.4,2710.9,2710.9,27
20250103  16:00:00,2709.5,2710.0,2704.7,2707.5,20
20250103  17:00:00,2710.2,2710.2,2701.8,2701.8,13
20250103  18:00:00,2703.8,2704.3,2701.9,2704.0,45
20250103  19:00:00,2703.2,2704.4,2703.2,2704.2,61
20250103  20:00:00,2704.6,2705.6,2703.0,2703.0,6
20250103  21:00:00,2702.1,2702.1,2702.1,2702.1,1
20250103  22:00:00,2699.5,2700.5,2699.5,2700.5,3
20250106  15:30:00,2684.9,2694.1,2682.9,2692.6,17
20250106  16:00:00,2690.7,2699.1,2690.6,2692.7,30
20250106  17:00:00,2695.1,2700.5,2695.1,2700.5,8
20250106  18:00:00,2699.1,2699.1,2695.5,2695.5,4
20250106  19:00:00,2694.3,2697.0,2694.3,2695.7,119
20250106  20:00:00,2694.0,2694.2,2693.7,2694.2,4
20250106  21:00:00,2693.8,2693.8,2693.8,2693.8,2
20250106  22:00:00,2694.1,2695.0,2694.1,2695.0,7
20250107  15:30:00,2721.7,2724.7,2719.5,2719.5,96
20250107  16:00:00,2714.8,2714.9,2703.0,2711.2,92
20250107  17:00:00,2709.0,2717.1,2709.0,2713.5,77
20250107  18:00:00,2716.0,2717.2,2712.8,2714.2,22
20250107  19:00:00,2714.1,2714.4,2711.3,2711.3,74
20250107  20:00:00,2710.8,2710.8,2710.8,2710.8,1
20250107  21:00:00,2712.5,2712.5,2712.5,2712.5,1
20250107  22:00:00,2712.9,2712.9,2712.5,2712.5,2
20250108  15:30:00,2727.2,2731.9,2726.8,2729.9,20
20250108  16:00:00,2726.1,2732.6,2724.3,2730.7,56
20250108  17:00:00,2731.4,2735.9,2728.6,2735.9,27
20250108  18:00:00,2735.5,2735.8,2714.8,2718.4,214
20250108  19:00:00,2720.4,2724.8,2719.1,2719.1,55
20250108  20:00:00,2719.3,2726.7,2719.3,2724.2,8
20250108  21:00:00,2725.2,2730.9,2725.2,2730.9,170
20250108  22:00:00,2730.8,2730.8,2730.7,2730.7,2
20250109  15:30:00,2739.1,2743.5,2738.8,2742.1,10
20250109  16:00:00,2743.1,2743.6,2736.4,2736.4,48
20250109  17:00:00,2736.5,2739.4,2734.6,2735.9,25
20250109  18:00:00,2734.1,2735.8,2732.1,2735.2,71
20250109  19:00:00,2735.6,2742.3,2735.6,2741.3,35
20250109  20:00:00,2740.0,2740.0,2740.0,2740.0,1
20250109  21:00:00,2741.9,2741.9,2741.9,2741.9,4
20250109  22:00:00,2741.5,2743.0,2741.5,2743.0,2
20250110  15:30:00,2779.4,2784.8,2767.4,2773.7,63
20250110  16:00:00,2769.6,2783.8,2767.5,2770.1,101
20250110  17:00:00,2770.5,2779.1,2767.3,2779.1,82
20250110  18:00:00,2777.2,2780.0,2772.0,2777.6,33
20250110  19:00:00,2777.9,2778.3,2764.6,2768.6,128
20250110  20:00:00,2768.0,2770.7,2767.0,2767.0,10
20250110  21:00:00,2766.7,2768.6,2766.2,2767.3,50
20250110  22:00:00,2769.8,2770.5,2766.9,2768.0,9
20250113  15:30:00,2736.8,2744.3,2735.2,2744.3,30
20250113  16:00:00,2741.5,2743.6,2732.2,2732.2,69
20250113  17:00:00,2731.5,2737.9,2731.5,2735.5,25
20250113  18:00:00,2732.4,2736.1,2731.9,2733.5,30
20250113  19:00:00,2733.8,2734.2,2728.0,2730.0,162
20250113  20:00:00,2728.9,2730.5,2726.9,2728.8,17
20250113  21:00:00,2730.8,2730.8,2730.8,2730.8,2
20250113  22:00:00,2730.7,2731.8,2730.4,2731.8,5
20250114  15:30:00,2726.2,2728.9,2725.2,2727.1,23
20250114  16:00:00,2730.7,2738.3,2730.7,2736.2,34
20250114  17:00:00,2737.5,2739.9,2736.7,2739.9,11
20250114  18:00:00,2736.7,2737.6,2734.1,2735.8,16
20250114  19:00:00,2733.5,2734.7,2733.4,2734.5,43
20250114  20:00:00,2739.7,2740.0,2737.9,2740.0,3
20250114  21:00:00,2738.3,2741.9,2738.3,2741.9,23
20250114  22:00:00,2741.9,2743.5,2741.9,2743.5,9
20250115  15:30:00,2764.1,2764.1,2751.2,2755.2,27
20250115  16:00:00,2754.0,2756.1,2750.0,2751.6,38
20250115  17:00:00,2752.0,2761.7,2750.8,2761.6,33
20250115  18:00:00,2766.7,2766.7,2765.1,2766.5,23
20250115  19:00:00,2766.6,2768.9,2765.7,2766.0,25
20250115  20:00:00,2768.6,2769.6,2767.9,2768.9,29
20250115  21:00:00,2770.0,2770.0,2769.2,2769.2,3
20250115  22:00:00,2771.8,2772.9,2769.3,2772.8,35
20250116  15:30:00,2795.0,2798.2,2793.7,2797.8,18
20250116  16:00:00,2797.8,2800.8,2793.4,2800.8,54
20250116  17:00:00,2801.5,2804.2,2800.0,2804.0,51
20250116  18:00:00,2801.7,2808.0,2801.7,2804.4,39
20250116  19:00:00,2804.5,2805.7,2798.8,2799.1,164
20250116  20:00:00,2799.0,2800.4,2798.2,2798.7,19
20250116  21:00:00,2798.4,2798.7,2797.3,2797.3,12
20250116  22:00:00,2796.3,2796.6,2795.5,2796.5,17
20250117  15:30:00,2787.9,2796.6,2786.5,2795.3,35
20250117  16:00:00,2795.5,2801.6,2795.4,2800.3,88
20250117  17:00:00,2800.3,2809.0,2800.3,2809.0,102
20250117  18:00:00,2808.6,2808.6,2804.2,2804.6,32
20250117  19:00:00,2803.6,2803.9,2796.0,2796.0,125
20250117  20:00:00,2795.0,2796.2,2793.0,2794.3,30
20250117  21:00:00,2792.9,2793.3,2789.0,2789.6,39
20250117  22:00:00,2789.5,2789.5,2787.4,2787.4,2
20250120  15:30:00,2784.8,2785.5,2779.9,2781.0,86
20250120  16:00:00,2779.0,2781.0,2775.8,2777.2,141
20250120  17:00:00,2775.9,2775.9,2767.3,2774.0,28
20250120  18:00:00,2775.6,2778.6,2774.7,2776.6,40
20250120  19:00:00,2779.1,2781.8,2779.1,2781.8,3
20250120  20:00:00,2784.2,2784.8,2783.2,2783.2,6
20250121  15:30:00,2794.2,2806.5,2793.5,2805.5,106
20250121  16:00:00,2806.0,2807.1,2799.6,2804.5,97
20250121  17:00:00,2803.8,2811.8,2803.8,2809.5,69
20250121  18:00:00,2810.1,2812.8,2806.7,2806.7,80
20250121  19:00:00,2808.2,2812.7,2807.4,2811.7,56
20250121  20:00:00,2812.1,2812.1,2808.2,2808.9,21
20250121  21:00:00,2808.6,2808.6,2805.3,2807.0,23
20250121  22:00:00,2807.0,2810.0,2807.0,2809.5,17
20250122  15:30:00,2817.8,2820.0,2811.5,2814.7,35
20250122  16:00:00,2813.9,2823.0,2812.9,2822.4,70
20250122  17:00:00,2821.5,2824.2,2818.9,2821.4,80
20250122  18:00:00,2820.4,2822.0,2819.6,2820.1,33
20250122  19:00:00,2819.4,2823.0,2817.6,2820.8,82
20250122  20:00:00,2820.5,2820.5,2818.5,2818.5,14
20250122  21:00:00,2818.8,2819.8,2818.5,2818.5,7
20250122  22:00:00,2818.2,2818.6,2816.4,2817.6,16
20250123  15:30:00,2801.1,2805.0,2797.5,2804.4,77
20250123  16:00:00,2803.8,2807.2,2800.2,2804.1,74
20250123  17:00:00,2802.5,2816.7,2801.2,2812.2,64
20250123  18:00:00,2813.0,2818.5,2812.7,2816.9,28
20250123  19:00:00,2816.4,2817.7,2814.6,2815.9,32
20250123  20:00:00,2815.6,2817.9,2814.9,2814.9,11
20250123  21:00:00,2813.4,2815.4,2812.9,2813.0,39
20250123  22:00:00,2813.7,2813.7,2812.0,2813.5,25
20250124  15:30:00,2834.1,2842.6,2833.5,2838.7,48
20250124  16:00:00,2837.9,2847.9,2835.9,2835.9,211
20250124  17:00:00,2835.4,2838.4,2829.4,2830.7,107
20250124  18:00:00,2831.1,2836.1,2831.1,2833.1,47
20250124  19:00:00,2831.5,2833.8,2831.5,2833.8,63
20250124  20:00:00,2833.3,2836.4,2832.1,2835.7,23
20250124  21:00:00,2835.0,2835.0,2832.6,2832.6,16
20250124  22:00:00,2831.9,2831.9,2830.6,2831.2,15
20250127  15:30:00,2808.1,2812.2,2802.1,2808.7,109
20250127  16:00:00,2806.0,2806.0,2796.8,2799.0,116
20250127  17:00:00,2799.1,2800.4,2789.2,2790.2,147
20250127  18:00:00,2790.9,2792.5,2786.0,2790.7,59
20250127  19:00:00,2789.5,2793.0,2789.1,2792.0,86
20250127  20:00:00,2792.7,2796.2,2792.3,2795.1,75
20250127  21:00:00,2794.1,2797.5,2794.1,2797.0,55
20250127  22:00:00,2796.8,2799.9,2796.8,2798.1,65
20250128  15:30:00,2812.9,2815.5,2811.7,2813.1,97
20250128  16:00:00,2812.6,2816.6,2810.7,2813.4,93
20250128  17:00:00,2816.0,2820.0,2813.7,2820.0,102
20250128  18:00:00,2819.1,2822.0,2818.4,2821.7,49
20250128  19:00:00,2821.3,2825.9,2820.8,2825.9,200
20250128  20:00:00,2825.7,2827.3,2825.2,2826.8,30
20250128  21:00:00,2825.8,2827.1,2824.8,2825.6,16
20250128  22:00:00,2824.7,2825.3,2824.7,2825.2,9
20250129  15:30:00,2824.6,2827.2,2823.4,2826.7,48
20250129  16:00:00,2827.0,2827.0,2816.0,2821.3,83
20250129  17:00:00,2821.8,2823.1,2816.2,2819.2,85
20250129  18:00:00,2819.5,2822.5,2817.8,2818.4,32
20250129  19:00:00,2817.0,2818.9,2815.0,2816.6,46
20250129  20:00:00,2815.6,2823.5,2810.0,2822.4,377
20250129  21:00:00,2823.1,2823.9,2819.6,2819.6,7
20250129  22:00:00,2818.3,2820.3,2818.3,2820.1,8
20250130  15:30:00,2854.2,2859.3,2850.3,2858.6,153
20250130  16:00:00,2859.8,2876.5,2859.1,2873.1,570
20250130  17:00:00,2875.2,2878.0,2865.3,2865.3,194
20250130  18:00:00,2865.3,2870.6,2862.8,2869.6,168
20250130  19:00:00,2870.4,2872.8,2867.3,2870.0,114
20250130  20:00:00,2870.0,2870.0,2867.4,2869.5,69
20250130  21:00:00,2868.8,2875.0,2868.4,2872.6,106
20250130  22:00:00,2872.4,2875.6,2871.8,2875.6,37
20250131  15:30:00,2875.6,2880.9,2874.6,2880.9,67
20250131  16:00:00,2881.5,2886.8,2878.6,2880.1,302
20250131  17:00:00,2878.9,2881.1,2873.3,2874.5,84
20250131  18:00:00,2875.6,2876.6,2860.0,2867.6,201
20250131  19:00:00,2867.0,2870.8,2856.2,2858.5,309
20250131  20:00:00,2858.3,2859.2,2853.0,2853.1,57
20250131  21:00:00,2852.0,2855.3,2850.8,2854.5,53
20250131  22:00:00,2854.5,2858.6,2854.5,2856.1,47
20250203  15:30:00,2878.7,2895.9,2878.4,2895.1,266
20250203  16:00:00,2894.7,2895.0,2871.4,2879.7,514
20250203  17:00:00,2876.5,2887.3,2876.5,2881.4,90
20250203  18:00:00,2883.0,2884.5,2880.3,2881.7,48
20250203  19:00:00,2880.1,2884.9,2879.9,2881.3,47
20250203  20:00:00,2882.2,2884.4,2881.6,2882.2,42
20250203  21:00:00,2883.0,2883.0,2880.3,2881.1,12
20250203  22:00:00,2881.9,2881.9,2873.2,2874.4,50
20250204  15:30:00,2891.5,2898.6,2890.9,2893.0,165
20250204  16:00:00,2895.8,2898.8,2887.5,2888.4,194
20250204  17:00:00,2887.6,2897.1,2885.0,2894.3,139
20250204  18:00:00,2894.7,2901.6,2894.0,2900.3,101
20250204  19:00:00,2900.0,2901.6,2897.8,2898.5,150
20250204  20:00:00,2898.4,2900.3,2897.7,2898.2,26
20250204  21:00:00,2898.0,2899.7,2896.7,2899.2,31
20250204  22:00:00,2899.7,2899.7,2897.6,2897.6,5
20250205  15:30:00,2913.4,2920.4,2912.4,2918.6,50
20250205  16:00:00,2922.0,2930.9,2920.8,2926.8,326
20250205  17:00:00,2928.3,2928.3,2910.9,2920.4,391
20250205  18:00:00,2922.3,2922.8,2917.6,2918.6,108
20250205  19:00:00,2920.2,2920.2,2911.8,2913.9,135
20250205  20:00:00,2913.8,2914.2,2909.4,2909.7,33
20250205  21:00:00,2908.1,2910.7,2906.4,2906.4,39
20250205  22:00:00,2907.5,2910.7,2906.4,2910.7,66
20250206  15:30:00,2906.6,2906.6,2886.9,2887.3,250
20250206  16:00:00,2887.5,2902.8,2881.2,2898.8,438
20250206  17:00:00,2899.6,2903.2,2899.6,2900.2,30
20250206  18:00:00,2900.1,2902.1,2898.9,2902.1,42
20250206  19:00:00,2902.2,2903.0,2900.6,2903.0,27
20250206  20:00:00,2902.8,2903.3,2901.0,2903.2,9
20250206  21:00:00,2905.0,2907.2,2904.5,2907.1,50
20250206  22:00:00,2907.0,2907.2,2905.9,2905.9,45
20250207  15:30:00,2923.6,2929.5,2922.4,2926.1,138
20250207  16:00:00,2925.8,2936.1,2922.5,2929.8,177
20250207  17:00:00,2930.6,2930.6,2911.7,2912.4,214
20250207  18:00:00,2907.0,2912.1,2905.5,2911.0,63
20250207  19:00:00,2910.9,2916.0,2910.9,2910.9,129
20250207  20:00:00,2913.7,2913.7,2910.0,2911.5,24
20250207  21:00:00,2912.1,2913.9,2910.9,2913.0,21
20250207  22:00:00,2913.6,2914.9,2912.6,2912.6,31
20250210  15:30:00,2955.9,2960.3,2954.7,2957.6,39
20250210  16:00:00,2958.2,2964.8,2955.6,2962.3,176
20250210  17:00:00,2963.4,2964.0,2952.8,2955.2,144
20250210  18:00:00,2956.6,2958.7,2952.9,2958.7,78
20250210  19:00:00,2958.0,2962.9,2957.1,2960.8,168
20250210  20:00:00,2960.9,2961.5,2959.5,2960.4,7
20250210  21:00:00,2962.0,2962.0,2960.0,2961.6,26
20250210  22:00:00,2961.4,2963.5,2961.0,2963.5,21
20250211  15:30:00,2957.1,2958.3,2950.0,2950.2,165
20250211  16:00:00,2950.4,2962.0,2944.7,2962.0,198
20250211  17:00:00,2960.5,2963.5,2957.1,2960.3,54
20250211  18:00:00,2956.4,2961.7,2955.2,2959.9,76
20250211  19:00:00,2960.5,2963.1,2959.9,2962.5,205
20250211  20:00:00,2963.0,2963.0,2956.9,2957.4,41
20250211  21:00:00,2956.0,2957.0,2951.0,2955.1,41
20250211  22:00:00,2953.8,2955.8,2953.8,2954.2,10
20250212  15:30:00,2950.6,2952.0,2944.3,2948.9,147
20250212  16:00:00,2947.1,2951.5,2941.3,2950.2,199
20250212  17:00:00,2950.8,2958.9,2945.8,2957.2,196
20250212  18:00:00,2958.2,2964.0,2957.0,2958.4,91
20250212  19:00:00,2958.4,2958.4,2954.8,2954.8,62
20250212  20:00:00,2952.7,2952.7,2947.3,2949.6,20
20250212  21:00:00,2949.0,2953.1,2947.4,2951.7,38
20250212  22:00:00,2952.0,2956.0,2951.7,2955.7,31
20250213  15:30:00,2965.6,2972.5,2963.7,2971.0,46
20250213  16:00:00,2970.7,2976.5,2970.5,2975.8,165
20250213  17:00:00,2975.7,2976.2,2969.0,2969.2,86
20250213  18:00:00,2969.3,2976.2,2969.3,2976.2,96
20250213  19:00:00,2976.2,2980.5,2970.0,2980.5,164
20250213  20:00:00,2979.7,2983.6,2979.4,2983.3,118
20250213  21:00:00,2982.7,2986.3,2980.8,2985.5,72
20250213  22:00:00,2985.8,2986.4,2985.0,2985.4,32
20250214  15:30:00,2974.3,2976.0,2966.2,2967.1,67
20250214  16:00:00,2966.2,2967.2,2934.0,2945.1,554
20250214  17:00:00,2944.8,2946.6,2931.7,2940.0,350
20250214  18:00:00,2940.0,2940.2,2925.5,2929.1,147
20250214  19:00:00,2929.3,2929.8,2923.0,2925.3,145
20250214  20:00:00,2925.9,2926.5,2921.7,2922.5,70
20250214  21:00:00,2922.9,2924.5,2917.6,2923.5,66
20250214  22:00:00,2923.8,2923.8,2920.8,2921.0,104
20250218  15:30:00,2966.1,2973.4,2966.1,2972.5,414
20250218  16:00:00,2972.8,2975.0,2968.2,2971.9,191
20250218  17:00:00,2971.7,2980.1,2970.4,2978.4,174
20250218  18:00:00,2978.4,2978.9,2976.0,2978.3,135
20250218  19:00:00,2977.3,2980.5,2974.8,2980.5,159
20250218  20:00:00,2980.8,2984.0,2978.8,2982.6,149
20250218  21:00:00,2983.1,2983.1,2978.1,2979.2,80
20250218  22:00:00,2980.4,2983.1,2980.0,2983.1,23
20250219  15:30:00,2980.0,2984.6,2976.0,2983.4,63
20250219  16:00:00,2981.7,2983.0,2969.4,2969.4,168
20250219  17:00:00,2969.1,2975.7,2967.5,2971.9,253
20250219  18:00:00,2971.4,2973.7,2964.9,2968.2,99
20250219  19:00:00,2967.2,2969.1,2961.4,2968.1,194
20250219  20:00:00,2967.7,2975.0,2966.6,2974.4,42
20250219  21:00:00,2975.2,2978.9,2974.7,2977.5,39
20250219  22:00:00,2978.4,2979.8,2977.8,2977.8,9
20250220  15:30:00,2972.7,2983.6,2972.7,2977.6,171
20250220  16:00:00,2977.2,2983.1,2976.1,2982.4,100
20250220  17:00:00,2981.8,2990.0,2979.8,2986.1,71
20250220  18:00:00,2986.1,2990.5,2983.8,2983.8,74
20250220  19:00:00,2982.2,2985.0,2979.9,2984.7,75
20250220  20:00:00,2982.5,2982.7,2977.0,2981.7,20
20250220  21:00:00,2978.6,2979.6,2976.5,2979.5,40
20250220  22:00:00,2982.9,2983.2,2982.6,2982.8,11
20250221  15:30:00,2977.4,2981.1,2970.6,2975.1,117
20250221  16:00:00,2974.2,2976.2,2964.5,2970.3,394
20250221  17:00:00,2969.8,2980.9,2968.6,2977.5,110
20250221  18:00:00,2978.8,2983.4,2977.4,2981.5,70
20250221  19:00:00,2981.6,2986.7,2979.6,2986.1,120
20250221  20:00:00,2985.0,2985.8,2975.1,2975.1,37
20250221  21:00:00,2975.1,2978.2,2975.0,2976.2,52
20250221  22:00:00,2975.6,2979.0,2973.4,2977.1,63
20250224  15:30:00,2984.4,2988.0,2977.0,2982.1,197
20250224  16:00:00,2980.7,2983.2,2973.9,2979.6,370
20250224  17:00:00,2983.2,2988.0,2981.9,2985.6,163
20250224  18:00:00,2986.1,2988.0,2984.3,2986.0,105
20250224  19:00:00,2987.8,2991.7,2987.4,2990.4,93
20250224  20:00:00,2992.0,2993.0,2990.4,2992.2,21
20250224  21:00:00,2991.5,2994.1,2990.0,2993.2,28
20250224  22:00:00,2993.6,2996.8,2993.2,2996.8,28
20250225  15:30:00,2985.4,2987.2,2974.0,2974.0,121
20250225  16:00:00,2974.1,2976.2,2938.9,2947.0,932
20250225  17:00:00,2944.1,2944.1,2925.0,2937.4,594
20250225  18:00:00,2935.9,2948.9,2933.3,2948.9,117
20250225  19:00:00,2949.1,2952.2,2946.4,2950.6,119
20250225  20:00:00,2950.9,2953.5,2947.2,2953.5,43
20250225  21:00:00,2952.8,2954.0,2952.0,2952.5,17
20250225  22:00:00,2954.5,2958.4,2954.5,2956.8,36
20250226  15:30:00,2935.5,2946.9,2932.5,2943.1,135
20250226  16:00:00,2942.4,2956.8,2940.4,2955.4,233
20250226  17:00:00,2956.8,2960.2,2954.2,2955.4,69
20250226  18:00:00,2957.0,2958.9,2953.4,2956.7,49
20250226  19:00:00,2955.7,2960.0,2955.7,2956.6,79
20250226  20:00:00,2957.7,2958.4,2956.6,2957.3,27
20250226  21:00:00,2957.2,2959.5,2956.1,2959.0,166
20250226  22:00:00,2959.2,2962.0,2959.2,2961.2,29
20250227  15:30:00,2930.2,2931.8,2907.0,2912.0,503
20250227  16:00:00,2911.7,2923.2,2911.1,2913.0,275
20250227  17:00:00,2914.2,2919.5,2912.9,2917.9,298
20250227  18:00:00,2918.4,2923.2,2917.8,2923.2,51
20250227  19:00:00,2924.9,2926.5,2922.7,2925.3,100
20250227  20:00:00,2927.0,2927.0,2916.7,2917.7,45
20250227  21:00:00,2918.0,2918.3,2911.9,2912.2,108
20250227  22:00:00,2912.4,2916.3,2909.9,2915.8,186
20250228  15:30:00,2884.0,2887.1,2872.7,2873.5,271
20250228  16:00:00,2873.6,2889.0,2872.4,2889.0,398
20250228  17:00:00,2889.0,2894.0,2885.3,2886.9,162
20250228  18:00:00,2887.1,2888.4,2883.2,2883.2,190
20250228  19:00:00,2883.1,2885.0,2875.0,2883.2,369
20250228  20:00:00,2884.0,2888.4,2882.2,2888.4,99
20250228  21:00:00,2889.0,2891.4,2885.6,2889.9,47
20250228  22:00:00,2891.9,2897.1,2891.9,2895.0,30
20250303  15:30:00,2912.6,2922.7,2912.6,2916.9,570
20250303  16:00:00,2915.7,2929.4,2913.2,2926.9,511
20250303  17:00:00,2926.9,2932.0,2924.0,2930.0,159
20250303  18:00:00,2929.8,2931.8,2925.6,2929.6,135
20250303  19:00:00,2929.5,2930.7,2924.5,2928.3,256
20250303  20:00:00,2928.6,2929.2,2917.8,2918.7,316
20250303  21:00:00,2918.2,2930.0,2915.9,2929.7,132
20250303  22:00:00,2930.0,2933.1,2930.0,2932.4,42
20250304  15:30:00,2956.3,2957.0,2944.0,2944.1,156
20250304  16:00:00,2941.6,2951.1,2939.0,2944.2,329
20250304  17:00:00,2945.3,2954.4,2942.2,2954.0,235
20250304  18:00:00,2954.3,2955.4,2949.8,2949.8,126
20250304  19:00:00,2950.7,2954.0,2947.6,2949.7,350
20250304  20:00:00,2951.3,2955.0,2951.1,2955.0,104
20250304  21:00:00,2954.8,2959.2,2954.8,2957.0,136
20250304  22:00:00,2956.9,2957.5,2952.5,2957.3,25
20250305  15:30:00,2943.6,2955.8,2943.6,2950.2,343
20250305  16:00:00,2945.0,2962.4,2944.0,2956.4,613
20250305  17:00:00,2954.0,2969.4,2954.0,2962.1,301
20250305  18:00:00,2962.8,2962.8,2950.9,2953.7,658
20250305  19:00:00,2956.1,2958.2,2950.3,2954.9,204
20250305  20:00:00,2954.9,2958.9,2953.6,2958.6,60
20250305  21:00:00,2958.3,2960.5,2957.4,2960.3,19
20250305  22:00:00,2959.8,2959.8,2956.4,2957.8,15
20250306  15:30:00,2945.5,2953.5,2945.0,2952.0,167
20250306  16:00:00,2952.4,2960.2,2945.5,2951.3,462
20250306  17:00:00,2952.3,2955.3,2948.7,2954.3,162
20250306  18:00:00,2954.1,2958.0,2950.2,2951.7,143
20250306  19:00:00,2951.7,2957.5,2950.7,2952.8,187
20250306  20:00:00,2953.0,2954.1,2948.7,2950.6,85
20250306  21:00:00,2949.8,2952.5,2945.9,2945.9,70
20250306  22:00:00,2946.3,2948.1,2946.3,2947.6,15
20250307  15:30:00,2953.2,2965.8,2953.1,2963.6,798
20250307  16:00:00,2963.3,2967.4,2945.0,2952.6,445
20250307  17:00:00,2951.9,2956.3,2948.2,2950.8,350
20250307  18:00:00,2951.0,2952.6,2942.0,2945.1,208
20250307  19:00:00,2944.9,2945.8,2938.7,2942.7,789
20250307  20:00:00,2943.3,2946.1,2941.3,2941.5,67
20250307  21:00:00,2941.6,2947.5,2941.6,2946.5,33
20250307  22:00:00,2945.4,2948.4,2945.4,2945.9,33
20250310  14:30:00,2935.8,2939.3,2932.0,2938.6,259
20250310  15:00:00,2938.4,2943.9,2935.7,2943.2,479
20250310  16:00:00,2943.6,2945.7,2935.0,2939.5,323
20250310  17:00:00,2939.5,2941.1,2929.8,2929.9,301
20250310  18:00:00,2929.9,2930.0,2915.0,2919.8,1235
20250310  19:00:00,2917.5,2922.6,2913.3,2918.8,288
20250310  20:00:00,2918.4,2924.0,2913.4,2917.9,211
20250310  21:00:00,2917.9,2921.8,2917.9,2921.3,54
20250311  14:30:00,2944.5,2956.6,2944.2,2951.4,643
20250311  15:00:00,2951.2,2955.6,2945.4,2948.3,379
20250311  16:00:00,2948.7,2954.4,2948.7,2950.6,276
20250311  17:00:00,2950.3,2952.4,2949.2,2950.9,535
20250311  18:00:00,2951.0,2954.5,2948.2,2951.4,645
20250311  19:00:00,2951.7,2952.9,2949.1,2952.2,73
20250311  20:00:00,2952.5,2955.6,2951.6,2953.5,138
20250311  21:00:00,2953.7,2953.7,2950.7,2951.2,27
20250312  14:30:00,2944.9,2950.9,2943.4,2948.9,247
20250312  15:00:00,2948.5,2957.5,2947.8,2957.0,504
20250312  16:00:00,2956.6,2965.2,2956.6,2963.2,553
20250312  17:00:00,2963.9,2975.5,2963.0,2972.1,968
20250312  18:00:00,2971.8,2977.0,2971.7,2972.5,805
20250312  19:00:00,2971.8,2972.6,2969.4,2971.3,363
20250312  20:00:00,2971.4,2971.5,2967.7,2968.0,79
20250312  21:00:00,2968.7,2971.4,2967.5,2971.2,116
20250313  14:30:00,2981.9,2990.9,2981.8,2987.6,847
20250313  15:00:00,2988.0,3012.3,2987.6,3008.3,2520
20250313  16:00:00,3009.0,3018.7,3005.3,3017.5,2495
20250313  17:00:00,3017.8,3026.4,3017.4,3019.6,2038
20250313  18:00:00,3020.7,3022.5,3017.5,3019.8,853
20250313  19:00:00,3019.8,3025.0,3019.8,3024.9,312
20250313  20:00:00,3024.9,3027.6,3022.6,3023.1,590
20250313  21:00:00,3023.2,3029.4,3022.0,3029.3,737
20250314  14:30:00,3034.5,3035.0,3022.2,3026.0,784
20250314  15:00:00,3026.0,3033.4,3020.3,3023.6,593
20250314  16:00:00,3023.5,3025.2,3017.0,3023.7,818
20250314  17:00:00,3023.4,3028.9,3022.4,3027.8,337
20250314  18:00:00,3027.8,3029.3,3024.9,3025.1,808
20250314  19:00:00,3024.9,3025.2,3021.2,3021.5,179
20250314  20:00:00,3021.0,3024.1,3018.7,3019.8,487
20250314  21:00:00,3019.6,3025.2,3018.0,3021.2,305
20250317  14:30:00,3022.8,3027.0,3021.3,3024.2,258
20250317  15:00:00,3023.6,3035.9,3023.1,3034.0,857
20250317  16:00:00,3033.8,3034.9,3028.4,3032.4,648
20250317  17:00:00,3032.5,3032.7,3028.6,3030.1,193
20250317  18:00:00,3030.7,3035.8,3030.7,3034.2,638
20250317  19:00:00,3034.0,3036.8,3032.8,3035.8,253
20250317  20:00:00,3035.9,3037.1,3034.4,3036.3,202
20250317  21:00:00,3036.2,3038.6,3036.1,3038.0,100
20250318  14:30:00,3072.4,3075.1,3062.8,3068.4,1143
20250318  15:00:00,3067.4,3067.6,3059.4,3063.1,1284
20250318  16:00:00,3063.5,3068.6,3060.4,3067.5,592
20250318  17:00:00,3067.3,3073.0,3066.4,3071.6,559
20250318  18:00:00,3071.8,3072.7,3065.4,3068.5,1022
20250318  19:00:00,3068.6,3071.9,3068.3,3070.9,132
20250318  20:00:00,3070.9,3072.8,3070.5,3070.9,320
20250318  21:00:00,3070.9,3071.0,3068.6,3069.3,174
20250319  14:30:00,3070.1,3071.1,3062.9,3070.6,747
20250319  15:00:00,3069.4,3069.4,3061.5,3064.1,677
20250319  16:00:00,3064.0,3069.7,3063.6,3068.0,470
20250319  17:00:00,3068.9,3074.2,3068.4,3069.7,567
20250319  18:00:00,3068.6,3070.5,3065.7,3066.0,320
20250319  19:00:00,3066.0,3085.8,3065.4,3082.7,1227
20250319  20:00:00,3083.3,3089.4,3077.8,3084.4,897
20250319  21:00:00,3084.3,3085.2,3081.9,3085.2,145
20250320  14:30:00,3065.8,3072.4,3065.3,3067.4,581
20250320  15:00:00,3066.9,3076.0,3065.8,3075.7,1159
20250320  16:00:00,3075.9,3077.5,3072.9,3075.5,624
20250320  17:00:00,3076.0,3078.0,3069.8,3073.4,616
20250320  18:00:00,3073.4,3076.1,3070.3,3076.1,562
20250320  19:00:00,3075.9,3079.9,3075.8,3078.3,411
20250320  20:00:00,3078.1,3081.3,3078.0,3080.3,634
20250320  21:00:00,3080.8,3081.6,3080.0,3080.1,167
20250321  14:30:00,3063.5,3063.5,3035.6,3038.1,2493
20250321  15:00:00,3037.7,3048.8,3031.2,3048.4,2772
20250321  16:00:00,3048.2,3049.9,3042.6,3044.5,984
20250321  17:00:00,3043.3,3050.5,3043.3,3049.0,503
20250321  18:00:00,3048.7,3050.6,3046.2,3046.8,704
20250321  19:00:00,3047.3,3055.1,3046.5,3051.2,1719
20250321  20:00:00,3051.3,3053.9,3050.0,3052.8,617
20250321  21:00:00,3052.8,3057.0,3052.8,3055.3,251
20250324  14:30:00,3057.1,3059.1,3051.3,3055.2,1307
20250324  15:00:00,3055.1,3056.6,3041.2,3045.0,2513
20250324  16:00:00,3044.9,3048.9,3038.3,3047.5,2210
20250324  17:00:00,3047.5,3048.9,3042.1,3043.5,861
20250324  18:00:00,3043.5,3044.3,3040.7,3041.8,883
20250324  19:00:00,3041.7,3042.8,3036.0,3041.7,1433
20250324  20:00:00,3041.8,3043.7,3040.2,3041.3,502
20250324  21:00:00,3041.5,3048.7,3041.2,3046.0,429
20250325  14:30:00,3056.7,3065.5,3056.7,3062.9,2898
20250325  15:00:00,3062.7,3070.7,3058.2,3058.2,3781
20250325  16:00:00,3058.2,3061.1,3051.5,3055.1,2146
20250325  17:00:00,3055.2,3060.0,3055.0,3057.5,1243
20250325  18:00:00,3057.5,3057.6,3053.0,3056.4,1762
20250325  19:00:00,3056.6,3057.0,3052.0,3052.6,806
20250325  20:00:00,3052.2,3054.9,3051.7,3054.1,546
20250325  21:00:00,3054.0,3055.4,3053.2,3054.4,285
20250326  14:30:00,3059.6,3060.6,3050.8,3051.6,2022
20250326  15:00:00,3051.4,3056.8,3049.8,3052.1,4320
20250326  16:00:00,3052.0,3054.1,3047.1,3051.0,3630
20250326  17:00:00,3051.0,3055.1,3050.8,3051.2,1975
20250326  18:00:00,3051.2,3054.8,3050.9,3054.4,2201
20250326  19:00:00,3054.6,3056.8,3053.1,3053.3,1777
20250326  20:00:00,3053.8,3054.1,3050.3,3052.8,1305
20250326  21:00:00,3052.8,3058.0,3052.7,3056.1,1036
20250327  14:30:00,3081.4,3082.4,3070.7,3080.1,7309
20250327  15:00:00,3080.1,3101.3,3079.8,3099.4,14891
20250327  16:00:00,3099.5,3102.2,3093.0,3093.9,9658
20250327  17:00:00,3094.0,3097.5,3090.9,3091.8,6739
20250327  18:00:00,3091.6,3096.9,3089.6,3096.4,6048
20250327  19:00:00,3096.5,3099.7,3096.2,3097.9,3000
20250327  20:00:00,3097.8,3099.5,3097.0,3098.8,2172
20250327  21:00:00,3098.9,3099.4,3097.0,3099.2,1518
20250328  14:30:00,3111.4,3119.5,3105.2,3118.5,10270
20250328  15:00:00,3118.8,3122.4,3101.4,3103.9,24832
20250328  16:00:00,3103.8,3120.1,3100.9,3118.5,13020
20250328  17:00:00,3118.4,3121.4,3113.9,3117.6,7466
20250328  18:00:00,3117.8,3119.8,3108.9,3110.3,9577
20250328  19:00:00,3110.5,3113.3,3105.6,3111.8,5460
20250328  20:00:00,3111.9,3114.9,3111.5,3114.1,4027
20250328  21:00:00,3114.3,3119.8,3114.2,3118.0,3217
20250331  15:30:00,3151.8,3153.0,3131.4,3146.5,20248
20250331  16:00:00,3146.3,3157.1,3143.2,3156.6,19420
20250331  17:00:00,3156.6,3162.0,3145.7,3146.9,14532
20250331  18:00:00,3147.0,3155.5,3144.7,3151.5,9195
20250331  19:00:00,3151.5,3153.8,3148.3,3150.3,6953
20250331  20:00:00,3150.3,3157.0,3149.9,3154.9,5267
20250331  21:00:00,3154.9,3157.5,3154.1,3157.1,4445
20250331  22:00:00,3157.2,3158.5,3155.9,3157.4,2340
20250401  15:30:00,3160.2,3166.4,3158.2,3165.5,6094
20250401  16:00:00,3165.7,3167.8,3153.9,3160.1,19757
20250401  17:00:00,3160.2,3164.5,3143.7,3144.0,16140
20250401  18:00:00,3143.8,3146.8,3130.5,3138.7,20811
20250401  19:00:00,3138.8,3147.4,3138.0,3146.7,7104
20250401  20:00:00,3146.7,3150.8,3146.0,3147.2,4748
20250401  21:00:00,3147.1,3151.3,3146.7,3151.0,3835
20250401  22:00:00,3150.9,3154.1,3147.5,3148.5,2622
20250402  15:30:00,3160.9,3170.5,3152.6,3159.1,17845
20250402  16:00:00,3159.4,3167.7,3156.0,3162.6,14538
20250402  17:00:00,3162.7,3167.3,3158.2,3165.5,10038
20250402  18:00:00,3165.5,3177.7,3165.5,3173.9,16155
20250402  19:00:00,3173.7,3173.9,3162.3,3167.5,12234
20250402  20:00:00,3167.6,3169.9,3161.4,3163.0,4762
20250402  21:00:00,3163.2,3167.4,3162.1,3163.0,3132
20250402  22:00:00,3163.2,3201.6,3144.2,3190.3,28983
20250403  15:30:00,3085.5,3116.0,3084.5,3106.9,18907
20250403  16:00:00,3107.5,3159.5,3107.5,3152.2,46169
20250403  17:00:00,3152.2,3152.8,3126.4,3132.3,22562
20250403  18:00:00,3132.5,3136.0,3122.7,3128.6,8885
20250403  19:00:00,3128.5,3132.0,3120.5,3131.5,11827
20250403  20:00:00,3131.5,3132.4,3123.9,3132.1,4608
20250403  21:00:00,3132.1,3133.4,3121.8,3127.1,5227
20250403  22:00:00,3127.2,3143.3,3127.2,3138.1,4154
20250404  15:30:00,3095.1,3100.2,3078.0,3081.3,17504
20250404  16:00:00,3081.0,3081.0,3045.3,3056.7,46611
20250404  17:00:00,3056.4,3068.9,3034.7,3040.5,34014
20250404  18:00:00,3040.4,3055.8,3036.4,3050.0,14249
20250404  19:00:00,3049.6,3051.6,3032.7,3043.8,14851
20250404  20:00:00,3043.5,3045.9,3037.1,3044.8,5939
20250404  21:00:00,3044.8,3062.2,3041.2,3057.6,11742
20250404  22:00:00,3057.5,3061.4,3054.7,3056.1,4449
20250407  15:30:00,3042.0,3044.5,3018.4,3032.4,17259
20250407  16:00:00,3032.2,3056.3,3012.0,3014.9,33361
20250407  17:00:00,3015.1,3022.1,2995.7,3004.0,20684
20250407  18:00:00,3003.8,3004.2,2985.7,2986.4,13303
20250407  19:00:00,2986.2,2991.2,2970.4,2984.5,23510
20250407  20:00:00,2984.2,2991.6,2978.7,2980.7,6244
20250407  21:00:00,2980.8,2998.5,2980.4,2992.3,5598
20250407  22:00:00,2992.2,3001.6,2984.0,2998.8,3806
20250408  15:30:00,3028.5,3032.2,3017.3,3024.6,8201
20250408  16:00:00,3024.7,3034.0,3020.6,3021.0,15155
20250408  17:00:00,3021.1,3026.8,3015.6,3016.0,11354
20250408  18:00:00,3015.8,3016.1,2998.7,3000.4,14156
20250408  19:00:00,3000.7,3002.9,2988.6,2999.6,16597
20250408  20:00:00,2999.6,3007.4,2993.6,2998.3,6996
20250408  21:00:00,2998.0,3001.9,2990.9,2999.1,5919
20250408  22:00:00,2998.9,3000.8,2991.9,2998.3,2811
20250409  15:30:00,3077.7,3095.4,3077.4,3092.0,12297
20250409  16:00:00,3091.7,3103.0,3084.1,3086.3,18021
20250409  17:00:00,3086.0,3104.7,3081.2,3102.1,13569
20250409  18:00:00,3102.3,3112.2,3098.6,3109.3,10492
20250409  19:00:00,3109.7,3117.1,3066.1,3076.1,32048
20250409  20:00:00,3076.1,3090.4,3063.4,3083.7,16395
20250409  21:00:00,3083.6,3118.5,3080.1,3110.6,14412
20250409  22:00:00,3110.6,3114.0,3095.8,3099.8,4352
20250410  15:30:00,3150.3,3150.5,3133.4,3134.2,9622
20250410  16:00:00,3134.4,3173.5,3134.0,3173.0,29103
20250410  17:00:00,3172.9,3193.8,3172.0,3175.1,26026
20250410  18:00:00,3175.1,3185.4,3170.4,3175.6,12722
20250410  19:00:00,3175.5,3183.2,3168.1,3179.7,12003
20250410  20:00:00,3179.7,3194.3,3175.1,3190.9,7595
20250410  21:00:00,3191.1,3193.7,3185.2,3188.6,5683
20250410  22:00:00,3188.5,3195.0,3186.7,3194.2,2840
20250411  15:30:00,3248.4,3262.3,3236.6,3241.0,14748
20250411  16:00:00,3241.0,3255.8,3239.1,3247.1,17573
20250411  17:00:00,3246.9,3258.9,3246.3,3258.3,12503
20250411  18:00:00,3258.4,3263.0,3235.4,3240.9,14732
20250411  19:00:00,3240.9,3253.3,3240.9,3251.9,11698
20250411  20:00:00,3252.1,3256.4,3248.7,3252.8,4650
20250411  21:00:00,3252.8,3253.0,3245.4,3248.1,5881
20250411  22:00:00,3248.2,3257.1,3248.2,3254.9,2856
20250414  15:30:00,3220.6,3225.7,3209.8,3221.3,9349
20250414  16:00:00,3221.1,3232.6,3211.7,3227.9,13577
20250414  17:00:00,3227.8,3228.0,3213.0,3214.6,13443
20250414  18:00:00,3214.7,3224.4,3214.4,3223.4,7509
20250414  19:00:00,3223.4,3232.5,3223.1,3229.4,8809
20250414  20:00:00,3229.5,3230.8,3216.6,3223.9,5766
20250414  21:00:00,3223.8,3228.8,3223.7,3228.1,3450
20250414  22:00:00,3228.2,3229.6,3223.1,3226.8,1552
20250415  15:30:00,3237.3,3240.8,3228.0,3229.9,7704
20250415  16:00:00,3229.9,3243.2,3229.8,3239.1,11833
20250415  17:00:00,3239.0,3241.0,3233.2,3237.6,6367
20250415  18:00:00,3237.8,3239.8,3235.8,3237.5,3558
20250415  19:00:00,3237.5,3247.0,3236.4,3244.0,7056
20250415  20:00:00,3244.0,3246.3,3241.7,3245.5,2903
20250415  21:00:00,3245.4,3248.0,3243.1,3246.7,3463
20250415  22:00:00,3246.9,3250.9,3243.4,3246.9,3240
20250416  15:30:00,3320.8,3333.5,3312.6,3328.3,10016
20250416  16:00:00,3328.4,3336.0,3321.9,3324.2,17419
20250416  17:00:00,3324.3,3344.2,3321.0,3341.2,15394
20250416  18:00:00,3341.0,3348.5,3337.2,3344.0,14477
20250416  19:00:00,3344.2,3349.2,3340.4,3344.0,10658
20250416  20:00:00,3343.8,3356.6,3342.1,3353.6,10737
20250416  21:00:00,3353.4,3358.4,3351.3,3352.0,8197
20250416  22:00:00,3352.0,3357.9,3350.0,3357.7,4292
20250417  15:30:00,3335.8,3346.3,3324.4,3327.9,14691
20250417  16:00:00,3327.9,3327.9,3296.4,3304.2,35129
20250417  17:00:00,3304.4,3318.9,3303.4,3308.8,14709
20250417  18:00:00,3309.3,3332.3,3307.4,3330.1,12668
20250417  19:00:00,3330.1,3336.4,3327.5,3332.5,9032
20250417  20:00:00,3332.5,3334.4,3327.5,3329.6,3686
20250417  21:00:00,3329.2,3335.0,3323.7,3334.5,5167
20250417  22:00:00,3334.6,3339.6,3332.0,3339.3,1990
